query_id,manifestation_hint,term,n_hits,run_date
cutaneous_neurofibroma,Cutaneous neurofibroma,"(""cutaneous neurofibroma""[All Fields] OR ""dermal neurofibroma""[All Fields]) AND gse[ETYP] AND (""expression profiling by high throughput sequencing""[DataSet Type] OR ""expression profiling by array""[DataSet Type] OR ""expression profiling by genome tiling array""[DataSet Type])",7,2026-10-02
plexiform_neurofibroma,Plexiform neurofibroma,"(""plexiform neurofibroma""[All Fields]) AND gse[ETYP] AND (""expression profiling by high throughput sequencing""[DataSet Type] OR ""expression profiling by array""[DataSet Type] OR ""expression profiling by genome tiling array""[DataSet Type])",22,2026-10-02
annubp,ANNUBP / atypical neurofibroma,"(""atypical neurofibroma""[All Fields] OR ""ANNUBP""[All Fields] OR ""atypical neurofibromatous neoplasm""[All Fields]) AND gse[ETYP] AND (""expression profiling by high throughput sequencing""[DataSet Type] OR ""expression profiling by array""[DataSet Type] OR ""expression profiling by genome tiling array""[DataSet Type])",3,2026-10-02
neurofibroma_any,Cutaneous neurofibroma,"(""neurofibroma""[All Fields]) AND gse[ETYP] AND (""expression profiling by high throughput sequencing""[DataSet Type] OR ""expression profiling by array""[DataSet Type] OR ""expression profiling by genome tiling array""[DataSet Type])",65,2026-10-02
mpnst,Malignant peripheral nerve sheath tumor (MPNST),"(""MPNST""[All Fields] OR ""malignant peripheral nerve sheath""[All Fields] OR ""neurofibrosarcoma""[All Fields]) AND gse[ETYP] AND (""expression profiling by high throughput sequencing""[DataSet Type] OR ""expression profiling by array""[DataSet Type] OR ""expression profiling by genome tiling array""[DataSet Type])",113,2026-10-02
vestibular_schwannoma,Vestibular schwannoma,"(""vestibular schwannoma""[All Fields] OR ""acoustic neuroma""[All Fields] OR ""acoustic schwannoma""[All Fields]) AND gse[ETYP] AND (""expression profiling by high throughput sequencing""[DataSet Type] OR ""expression profiling by array""[DataSet Type] OR ""expression profiling by genome tiling array""[DataSet Type])",23,2026-10-02
nonvestibular_schwannoma,Non-vestibular schwannoma,"(""spinal schwannoma""[All Fields] OR ""peripheral schwannoma""[All Fields] OR (""schwannoma""[All Fields] AND (""spinal""[All Fields] OR ""peripheral nerve""[All Fields]))) AND gse[ETYP] AND (""expression profiling by high throughput sequencing""[DataSet Type] OR ""expression profiling by array""[DataSet Type] OR ""expression profiling by genome tiling array""[DataSet Type])",11,2026-10-02
schwannoma_any,Vestibular schwannoma,"(""schwannoma""[All Fields] OR ""schwannomas""[All Fields]) AND gse[ETYP] AND (""expression profiling by high throughput sequencing""[DataSet Type] OR ""expression profiling by array""[DataSet Type] OR ""expression profiling by genome tiling array""[DataSet Type])",54,2026-10-02
schwannomatosis,Non-vestibular schwannoma,"(""schwannomatosis""[All Fields] OR ""LZTR1""[All Fields] OR (""SMARCB1""[All Fields] AND (""schwannoma""[All Fields] OR ""nerve sheath""[All Fields]))) AND gse[ETYP] AND (""expression profiling by high throughput sequencing""[DataSet Type] OR ""expression profiling by array""[DataSet Type] OR ""expression profiling by genome tiling array""[DataSet Type])",21,2026-10-02
meningioma,Meningioma,"(""meningioma""[All Fields] AND (""NF2""[All Fields] OR ""neurofibromatosis""[All Fields] OR ""merlin""[All Fields] OR ""schwannomatosis""[All Fields])) AND gse[ETYP] AND (""expression profiling by high throughput sequencing""[DataSet Type] OR ""expression profiling by array""[DataSet Type] OR ""expression profiling by genome tiling array""[DataSet Type])",26,2026-10-02
ependymoma,Ependymoma,"(""ependymoma""[All Fields] AND (""NF2""[All Fields] OR ""neurofibromatosis""[All Fields] OR ""merlin""[All Fields])) AND gse[ETYP] AND (""expression profiling by high throughput sequencing""[DataSet Type] OR ""expression profiling by array""[DataSet Type] OR ""expression profiling by genome tiling array""[DataSet Type])",2,2026-10-02
optic_pathway_glioma,Optic pathway glioma,"(""optic pathway glioma""[All Fields] OR ""optic glioma""[All Fields] OR ""optic nerve glioma""[All Fields]) AND gse[ETYP] AND (""expression profiling by high throughput sequencing""[DataSet Type] OR ""expression profiling by array""[DataSet Type] OR ""expression profiling by genome tiling array""[DataSet Type])",13,2026-10-02
non_optic_lgg,Non-optic LGG,"((""pilocytic astrocytoma""[All Fields] OR ""low grade glioma""[All Fields] OR ""low-grade glioma""[All Fields]) AND (""NF1""[All Fields] OR ""neurofibromatosis""[All Fields])) AND gse[ETYP] AND (""expression profiling by high throughput sequencing""[DataSet Type] OR ""expression profiling by array""[DataSet Type] OR ""expression profiling by genome tiling array""[DataSet Type])",13,2026-10-02
high_grade_glioma,High grade glioma,"((""glioblastoma""[All Fields] OR ""high grade glioma""[All Fields] OR ""anaplastic astrocytoma""[All Fields]) AND (""neurofibromatosis""[All Fields] OR ""NF1 syndrome""[All Fields])) AND gse[ETYP] AND (""expression profiling by high throughput sequencing""[DataSet Type] OR ""expression profiling by array""[DataSet Type] OR ""expression profiling by genome tiling array""[DataSet Type])",2,2026-10-02
gist,Gastrointestinal stromal tumor (GIST),"(""gastrointestinal stromal""[All Fields] AND (""NF1""[All Fields] OR ""neurofibromatosis""[All Fields])) AND gse[ETYP] AND (""expression profiling by high throughput sequencing""[DataSet Type] OR ""expression profiling by array""[DataSet Type] OR ""expression profiling by genome tiling array""[DataSet Type])",1,2026-10-02
heme,Hematologic malignancies,"((""juvenile myelomonocytic leukemia""[All Fields] OR ""JMML""[All Fields] OR ""myeloid leukemia""[All Fields]) AND (""NF1""[All Fields] OR ""neurofibromatosis""[All Fields])) AND gse[ETYP] AND (""expression profiling by high throughput sequencing""[DataSet Type] OR ""expression profiling by array""[DataSet Type] OR ""expression profiling by genome tiling array""[DataSet Type])",6,2026-10-02
bone,Bone defects,"((""tibial pseudarthrosis""[All Fields] OR ""pseudarthrosis""[All Fields] OR ""bone""[All Fields] OR ""osteoblast""[All Fields] OR ""skeletal""[All Fields]) AND (""NF1""[All Fields] OR ""neurofibromatosis""[All Fields])) AND gse[ETYP] AND (""expression profiling by high throughput sequencing""[DataSet Type] OR ""expression profiling by array""[DataSet Type] OR ""expression profiling by genome tiling array""[DataSet Type])",18,2026-10-02
cognition,Cognition / Behavioral / Learning,"((""learning""[All Fields] OR ""cognitive""[All Fields] OR ""hippocampus""[All Fields] OR ""behavior""[All Fields] OR ""autism""[All Fields]) AND (""NF1""[All Fields] OR ""neurofibromatosis""[All Fields])) AND gse[ETYP] AND (""expression profiling by high throughput sequencing""[DataSet Type] OR ""expression profiling by array""[DataSet Type] OR ""expression profiling by genome tiling array""[DataSet Type])",17,2026-10-02
pain,Pain,"((""pain""[All Fields] OR ""dorsal root ganglion""[All Fields] OR ""nociception""[All Fields]) AND (""NF1""[All Fields] OR ""neurofibromatosis""[All Fields])) AND gse[ETYP] AND (""expression profiling by high throughput sequencing""[DataSet Type] OR ""expression profiling by array""[DataSet Type] OR ""expression profiling by genome tiling array""[DataSet Type])",16,2026-10-02
sleep,Sleep,"((""sleep""[All Fields] OR ""circadian""[All Fields]) AND (""NF1""[All Fields] OR ""neurofibromatosis""[All Fields])) AND gse[ETYP] AND (""expression profiling by high throughput sequencing""[DataSet Type] OR ""expression profiling by array""[DataSet Type] OR ""expression profiling by genome tiling array""[DataSet Type])",4,2026-10-02
pulmonary,Pulmonary disease,"((""lung""[All Fields] OR ""pulmonary""[All Fields]) AND (""neurofibromatosis""[All Fields] OR ""NF1 syndrome""[All Fields])) AND gse[ETYP] AND (""expression profiling by high throughput sequencing""[DataSet Type] OR ""expression profiling by array""[DataSet Type] OR ""expression profiling by genome tiling array""[DataSet Type])",1,2026-10-02
cardiovascular,Cardiovascular issues,"((""cardiac""[All Fields] OR ""heart""[All Fields] OR ""vascular""[All Fields] OR ""vasculopathy""[All Fields]) AND (""neurofibromatosis""[All Fields] OR ""NF1 syndrome""[All Fields])) AND gse[ETYP] AND (""expression profiling by high throughput sequencing""[DataSet Type] OR ""expression profiling by array""[DataSet Type] OR ""expression profiling by genome tiling array""[DataSet Type])",1,2026-10-02
nf1_disease,Other,"(""neurofibromatosis type 1""[All Fields] OR ""neurofibromatosis 1""[All Fields] OR ""von Recklinghausen""[All Fields]) AND gse[ETYP] AND (""expression profiling by high throughput sequencing""[DataSet Type] OR ""expression profiling by array""[DataSet Type] OR ""expression profiling by genome tiling array""[DataSet Type])",67,2026-10-02
nf2_disease,Other,"(""neurofibromatosis type 2""[All Fields] OR ""neurofibromatosis 2""[All Fields] OR ""merlin""[All Fields]) AND gse[ETYP] AND (""expression profiling by high throughput sequencing""[DataSet Type] OR ""expression profiling by array""[DataSet Type] OR ""expression profiling by genome tiling array""[DataSet Type])",72,2026-10-02
nf_generic,Other,"(""neurofibromatosis""[All Fields]) AND gse[ETYP] AND (""expression profiling by high throughput sequencing""[DataSet Type] OR ""expression profiling by array""[DataSet Type] OR ""expression profiling by genome tiling array""[DataSet Type])",89,2026-10-02
nf1_gene_model,Other,"((""Nf1""[All Fields] AND (""knockout""[All Fields] OR ""conditional""[All Fields] OR ""mutant""[All Fields] OR ""haploinsufficient""[All Fields] OR ""null""[All Fields]))) AND gse[ETYP] AND (""expression profiling by high throughput sequencing""[DataSet Type] OR ""expression profiling by array""[DataSet Type] OR ""expression profiling by genome tiling array""[DataSet Type])",90,2026-10-02
nf2_gene_model,Other,"((""Nf2""[All Fields] AND (""knockout""[All Fields] OR ""conditional""[All Fields] OR ""mutant""[All Fields] OR ""null""[All Fields]))) AND gse[ETYP] AND (""expression profiling by high throughput sequencing""[DataSet Type] OR ""expression profiling by array""[DataSet Type] OR ""expression profiling by genome tiling array""[DataSet Type])",57,2026-10-02
