accession,title,organism,n_samples,nf_association,exclusion_reason,disease_reading,manifestation_reading,confidence,url
GSE101577,Targeted mutagenesis recapitulates brain tumor initiation in cerebral organoids (RNA-seq data set: 45d),human,26,sporadic_somatic_only,"NF1 loss engineered alongside PTEN/p53 loss as one of several hits to model sporadic GBM subtype, not NF disease",Not specified,High grade glioma,high,https://www.ncbi.nlm.nih.gov/geo/query/acc.cgi?acc=GSE101577
GSE102055,Transcriptome characterization of radiation-induced sarcomas,human,77,not_nf_related,"radiation-induced/sporadic sarcomas, no NF association stated",Not specified,Other,high,https://www.ncbi.nlm.nih.gov/geo/query/acc.cgi?acc=GSE102055
GSE102069,Unraveling cis-regulatory elements by mapping structural changes in mRNAs,human,14,not_nf_related,no NF-related content; study of mRNA structure during HCMV infection in foreskin fibroblasts,Not specified,Other,high,https://www.ncbi.nlm.nih.gov/geo/query/acc.cgi?acc=GSE102069
GSE104868,The genomes uncoupled dependent signaling pathway coordinates plastid biogenesis with the synthesis of anthocyanins,other,12,not_nf_related,Arabidopsis plastid retrograde signaling study; NF/gun genes unrelated to neurofibromatosis,Not specified,,high,https://www.ncbi.nlm.nih.gov/geo/query/acc.cgi?acc=GSE104868
GSE108237,Deregulation of the Hippo pathway promotestumor cell proliferation through YAP activity in human sporadic vestibular schwannoma,human,14,sporadic_somatic_only,"sporadic VS with somatic NF2 loss, not germline NF",Not specified,Vestibular schwannoma,high,https://www.ncbi.nlm.nih.gov/geo/query/acc.cgi?acc=GSE108237
GSE109581,tp53 deficiency causes a wide tumor spectrum and elevates embryonal rhabdomyosarcoma metastasis in zebrafish,zebrafish,15,not_nf_related,"tp53-deficient zebrafish model, not Nf1/Nf2/Smarcb1/Lztr1-engineered; MPNST arises from tp53 loss",Not specified,Malignant peripheral nerve sheath tumor (MPNST),high,https://www.ncbi.nlm.nih.gov/geo/query/acc.cgi?acc=GSE109581
GSE110125,"Transcriptome response study of arabidopsis wild type (Col6-3), gun1-9 mutant and MORF2 overexpression lines to norflurazon treatment in retrograde signaling",other,10,not_nf_related,Arabidopsis chloroplast retrograde signaling study; GUN1/NF unrelated to neurofibromatosis,Not specified,Other,high,https://www.ncbi.nlm.nih.gov/geo/query/acc.cgi?acc=GSE110125
GSE110610,Targeted mutagenesis recapitulates brain tumor initiation in cerebral organoids (RNA-seq data set: 130d),human,36,sporadic_somatic_only,"NF1 knocked out only as one of several engineered GBM driver mutations (with PTEN/p53) modeling a sporadic glioblastoma subtype, not germline NF1 disease",Not specified,High grade glioma,medium,https://www.ncbi.nlm.nih.gov/geo/query/acc.cgi?acc=GSE110610
GSE110611,Targeted mutagenesis recapitulates brain tumor initiation in cerebral organoids,human,62,sporadic_somatic_only,"NF1 loss is one of several engineered oncogenic hits modeling sporadic GBM subtypes, not NF1 tumor-predisposition disease",Not specified,High grade glioma,medium,https://www.ncbi.nlm.nih.gov/geo/query/acc.cgi?acc=GSE110611
GSE11493,Comparison of transcripts in zebrafish tumors,zebrafish,11,not_nf_related,"MPNSTs from p53 and ribosomal protein mutations, not Nf1/Nf2/Smarcb1/Lztr1 genotype or NF patient tissue",Not specified,Malignant peripheral nerve sheath tumor (MPNST),high,https://www.ncbi.nlm.nih.gov/geo/query/acc.cgi?acc=GSE11493
GSE115406,Generating a RAS expression signature in neuroblastoma,human,18,not_nf_related,"NF1 CRISPR-KO used as RAS-MAPK pathway tool in neuroblastoma cell line, not an NF-associated disease model",Not specified,Other,high,https://www.ncbi.nlm.nih.gov/geo/query/acc.cgi?acc=GSE115406
GSE116970,CRISPR-Cas9 Screens Reveal Genes Regulating a G0-like State in Human Neural Progenitors [Bulk RNA-seq],human,33,not_nf_related,"NF2 knocked out engineered in normal hNPCs, not NF-disease study",Not specified,Other,high,https://www.ncbi.nlm.nih.gov/geo/query/acc.cgi?acc=GSE116970
GSE117003,CRISPR-Cas9 Screens Reveal Genes Regulating a G0-like State in Human Neural Progenitors [scRNA-seq],human,4,not_nf_related,"NF2 knockout is one of several CRISPR screen hits in a general hNPC proliferation study, not NF-associated disease research",Not specified,Other,high,https://www.ncbi.nlm.nih.gov/geo/query/acc.cgi?acc=GSE117003
GSE12007,Identification of Sox10 target genes by comparative expression profiling,rat,4,not_nf_related,"RT4D6 rat schwannoma cell line, no NF-patient or engineered NF genotype indicated",Not specified,Other,high,https://www.ncbi.nlm.nih.gov/geo/query/acc.cgi?acc=GSE12007
GSE122442,"Genome-wide discovery of daily transcriptome, cis-regulatory elements and transcription factor footprints in the monarch butterfly brain [RNA-Seq]",other,32,not_nf_related,Not related to neurofibromatosis; monarch butterfly circadian clock study,Not specified,Other,high,https://www.ncbi.nlm.nih.gov/geo/query/acc.cgi?acc=GSE122442
GSE122447,"Genome-wide discovery of daily transcriptome, cis-regulatory elements and transcription factor footprints in the monarch butterfly brain",other,39,not_nf_related,Not NF-related; monarch butterfly circadian brain study,Not specified,,high,https://www.ncbi.nlm.nih.gov/geo/query/acc.cgi?acc=GSE122447
GSE123519,Transcriptome analysis of mouse tumors driven by PIK3CA mutation variants,mouse,26,sporadic_somatic_only,"NF1 is one of three co-engineered tumor-suppressor knockouts (NF1/p53/PTEN) modeling sporadic GBM PI3K pathway alterations, not NF1 disease",Not specified,High grade glioma,medium,https://www.ncbi.nlm.nih.gov/geo/query/acc.cgi?acc=GSE123519
GSE125408,YAP/TAZ inhibition induces metabolic and signaling rewiring resulting in new targetable vulnerabilities in NF2-deficient tumor cells,human,6,sporadic_somatic_only,"sporadic kidney cancer cell line with somatic NF2 loss, not germline NF2 syndrome",NF2-SWN,Other,high,https://www.ncbi.nlm.nih.gov/geo/query/acc.cgi?acc=GSE125408
GSE125579,Single cell RNA-seq of mouse megakaryocytes from wild type and Nf-e2 knock out mice,mouse,4,not_nf_related,Nfe2 (nuclear factor erythroid 2) is unrelated to neurofibromatosis NF1/NF2 genes,Not specified,Other,high,https://www.ncbi.nlm.nih.gov/geo/query/acc.cgi?acc=GSE125579
GSE12605,The effect of prohibitin overexpression in Caco2-BBE intestinal epithelial cells,human,2,not_nf_related,"unrelated cell line/gene, no NF association",Not specified,Other,high,https://www.ncbi.nlm.nih.gov/geo/query/acc.cgi?acc=GSE12605
GSE126336,Circadian clock genes and the vitamin A pathway regulate seasonal photoperiodic responsiveness in an insect,other,48,not_nf_related,"Monarch butterfly circadian/photoperiod study, unrelated to neurofibromatosis",Not specified,Other,high,https://www.ncbi.nlm.nih.gov/geo/query/acc.cgi?acc=GSE126336
GSE131034,Thyroid hormone inhibits hepatocellular carcinoma progression via induction of differentiation and metabolic reprogramming,rat,48,not_nf_related,"hepatocellular carcinoma model, no NF1/NF2/schwannomatosis relevance",Not specified,Other,high,https://www.ncbi.nlm.nih.gov/geo/query/acc.cgi?acc=GSE131034
GSE131942,Inactivation of Bap1 Cooperates with Losses of Nf2 and Cdkn2a to Drive the Development of Pleural Malignant Mesothelioma in Conditional Mouse Models,mouse,8,engineered_nf_model,"Nf2 loss combined with Cdkn2a/Bap1 to model sporadic pleural mesothelioma genetics, not NF2-associated schwannomatosis",Not specified,Other,medium,https://www.ncbi.nlm.nih.gov/geo/query/acc.cgi?acc=GSE131942
GSE133479,Cancer avatars derived from genetically engineered pluripotent stem cells allow for longitudinal assessment of tumor development,human,6,not_nf_related,"Engineered NF1-/- is one of several TCGA-derived GBM driver genotypes in an iPSC glioblastoma modeling platform, not a study of NF1 disease",Not specified,High grade glioma,medium,https://www.ncbi.nlm.nih.gov/geo/query/acc.cgi?acc=GSE133479
GSE133667,Microarray based gene expression comparison between wild type and yap-1(ys38) C. elegans embyos,other,6,not_nf_related,"C. elegans developmental biology study; NF2/Merlin only referenced as homolog name (nfm-1) for pathway context, not an NF disease model or NF-relevant comparison",Not specified,Other,high,https://www.ncbi.nlm.nih.gov/geo/query/acc.cgi?acc=GSE133667
GSE134315,ROCK1 translocates to the nucleus and inhibits human cytomegalovirus propagation,human,4,not_nf_related,Study of ROCK1 and HCMV infection in fibroblasts; no NF association,Not specified,,high,https://www.ncbi.nlm.nih.gov/geo/query/acc.cgi?acc=GSE134315
GSE134423,Human cytomegalovirus long noncoding RNA4.9 regulates viral DNA replication,human+mouse,5,not_nf_related,"Study of HCMV/MCMV viral lncRNA in fibroblasts, unrelated to neurofibromatosis",Not specified,,high,https://www.ncbi.nlm.nih.gov/geo/query/acc.cgi?acc=GSE134423
GSE135784,Establishment and characterization of NF2/CDKN2A-double knockout gene in human mesothelial cell line generated by using CRISPR/Cas9 technology,human,6,sporadic_somatic_only,"engineered NF2/CDKN2A knockout models mesothelioma tumorigenesis, not NF2-related schwannomatosis",Not specified,Other,high,https://www.ncbi.nlm.nih.gov/geo/query/acc.cgi?acc=GSE135784
GSE141438,RNA-seq dataset for MPNST patient tissue samples,human,17,not_nf_related,"no NF1/NF2 germline or somatic status stated; genotype given is 'PRC2 mutant', unrelated to NF1/NF2",Not specified,Malignant peripheral nerve sheath tumor (MPNST);Plexiform neurofibroma,medium,https://www.ncbi.nlm.nih.gov/geo/query/acc.cgi?acc=GSE141438
GSE141439,Epigenomic reprogramming due to PRC2 functional loss induces an aggressive de-differentiated neural crest-like phenotype in MPNST,human,126,not_nf_related,no NF1/NF2 germline or somatic status stated for MPNST lines,Not specified,Malignant peripheral nerve sheath tumor (MPNST),medium,https://www.ncbi.nlm.nih.gov/geo/query/acc.cgi?acc=GSE141439
GSE142479,Neurofibromin is an Estrogen Receptor alpha Transcriptional Co-repressor in Breast cancer,human,9,not_nf_related,"NF1 studied as ER co-repressor/tumor suppressor in sporadic breast cancer cell line, not NF disease",Not specified,Other,high,https://www.ncbi.nlm.nih.gov/geo/query/acc.cgi?acc=GSE142479
GSE145348,CRISPR repair in a preclinical model of Noonan syndrome associated cardiomyopathy I,human,13,not_nf_related,"LZTR1-associated Noonan syndrome cardiomyopathy, not schwannomatosis/NF",Not specified,Cardiovascular issues,high,https://www.ncbi.nlm.nih.gov/geo/query/acc.cgi?acc=GSE145348
GSE145349,CRISPR repair in a preclinical model of Noonan syndrome associated cardiomyopathy II,human,11,not_nf_related,"LZTR1 mutation causes Noonan syndrome cardiomyopathy, not schwannomatosis/NF-related tumor syndrome",Not specified,Cardiovascular issues,high,https://www.ncbi.nlm.nih.gov/geo/query/acc.cgi?acc=GSE145349
GSE14541,Identification of genes related to local aggressiveness and metastatical potential in mesenchymal tumors,human,204,not_nf_related,"No mention of NF1/NF2 or neurofibromatosis; samples are mesenchymal tumors (e.g., desmoid-type fibromatosis) unrelated to NF",Not specified,Other,high,https://www.ncbi.nlm.nih.gov/geo/query/acc.cgi?acc=GSE14541
GSE146500,"Transcriptional profiling of human fibroblasts cells from normal, PD patient, and PD patient treatment with mouse cavernous pericyte-derived extracellular vesicles-mimetic nanovesicles (PC-NVs)",human,12,not_nf_related,"PD = Peyronie's disease, unrelated to neurofibromatosis; NF here refers to 'normal fibroblasts'",Not specified,Other,high,https://www.ncbi.nlm.nih.gov/geo/query/acc.cgi?acc=GSE146500
GSE147210,Kmt2d deficiency promotes acute myeloid leukemia development and maintenance,mouse,40,not_nf_related,"Nf1 loss is one of several cooperating mutations (with Trp53) in a Kmt2d-driven AML model, not a study of NF disease itself",Not specified,Hematologic malignancies,high,https://www.ncbi.nlm.nih.gov/geo/query/acc.cgi?acc=GSE147210
GSE149455,Minor intron retention drives clonal hematopoietic disorders and diverse cancer predisposition,mouse,6,not_nf_related,"Samples are Zrsr2 cKO/WT mouse HSPCs; LZTR1 is only a downstream splicing target discussed in the text, not the genotype studied",Not specified,Hematologic malignancies,high,https://www.ncbi.nlm.nih.gov/geo/query/acc.cgi?acc=GSE149455
GSE149485,A simple and highly efficient method for multi-allelic CRISPR-Cas9 editing in primary cell cultures,human,11,sporadic_somatic_only,"NF1 KO is one of several tumor suppressors (TP53, CDKN2A, PTEN) knocked out to model sporadic glioblastoma genetics, not an NF1 disease model",Not specified,High grade glioma,high,https://www.ncbi.nlm.nih.gov/geo/query/acc.cgi?acc=GSE149485
GSE156211,Functional genomics of Non-NF2 meningioma development and progression [RNA-seq],human,24,sporadic_somatic_only,"Non-NF2 meningioma driven by TRAF7/KLF4/AKT1/PI3KCA, not NF-associated",Not specified,Meningioma,high,https://www.ncbi.nlm.nih.gov/geo/query/acc.cgi?acc=GSE156211
GSE165043,"CLOCKWORK ORANGE promotes CLOCK-CYCLE activation via the Drosophila ortholog of CLOCK INTERACING PROTEIN, CIRCADIAN (RNA-Seq)",other,24,not_nf_related,"Drosophila circadian clock study; no relation to neurofibromatosis, NF1/NF2 gene names refer to unrelated clock biology",Not specified,Other,high,https://www.ncbi.nlm.nih.gov/geo/query/acc.cgi?acc=GSE165043
GSE165291,Functional single-cell genomics of human cytomegalovirus infection,human,6,not_nf_related,"HCMV infection study in HFFs, unrelated to NF1/NF2/schwannomatosis",Not specified,Other,high,https://www.ncbi.nlm.nih.gov/geo/query/acc.cgi?acc=GSE165291
GSE17118,TCEAL7 Inhibition of c-Myc Activity in Alternative Lengthening of Telomeres Regulates hTERT Expression,human,60,not_nf_related,"sarcoma/mesothelioma ALT/telomerase study, no NF association",Not specified,Other,high,https://www.ncbi.nlm.nih.gov/geo/query/acc.cgi?acc=GSE17118
GSE174360,"Cancer-specific deficiency of SMARCE1, a module-linking subunit, generates a targetable chromatin regulatory dependency in clear cell meningioma",human,158,not_nf_related,"Clear cell meningioma driven by SMARCE1 loss, explicitly distinct from NF2 loss; not NF1/NF2 germline disease",Not specified,Meningioma,high,https://www.ncbi.nlm.nih.gov/geo/query/acc.cgi?acc=GSE174360
GSE177635,Brown adipose tissue monocytes support tissue expansion,mouse,2,not_nf_related,"unrelated to NF; ATGL/adipose biology study, no NF1/NF2/SMARCB1/LZTR1 involvement",Not specified,,high,https://www.ncbi.nlm.nih.gov/geo/query/acc.cgi?acc=GSE177635
GSE179585,Transcriptome Analysis of PRC2 isogenic human MPNST cells with or without DNA demethylating therapy (RNA-Seq),human,16,sporadic_somatic_only,M3 MPNST cell line provenance not stated as NF1-patient derived; no germline/engineered NF genotype given,Not specified,Malignant peripheral nerve sheath tumor (MPNST),low,https://www.ncbi.nlm.nih.gov/geo/query/acc.cgi?acc=GSE179585
GSE179587,Analysis of PRC2 isogenic human MPNST cells with or without DNA demethylating therapy,human,54,sporadic_somatic_only,"M3 MPNST line has no stated NF1 patient/germline origin in record; study genotype is engineered SUZ12/PRC2 loss, not NF1",NF1,Malignant peripheral nerve sheath tumor (MPNST),low,https://www.ncbi.nlm.nih.gov/geo/query/acc.cgi?acc=GSE179587
GSE181316,Schwann cells contribute to keloid formation,human,8,not_nf_related,"keloid scar study, not NF patients or NF model; neurofibroma dataset only used as external comparison reference",Not specified,Other,high,https://www.ncbi.nlm.nih.gov/geo/query/acc.cgi?acc=GSE181316
GSE183176,Non-canonical glutamine transamination sustains efferocytosis by coupling redox buffering to oxidative phosphorylation,mouse,10,not_nf_related,"Gls1 knockout macrophage metabolism study, unrelated to neurofibromatosis",Not specified,,high,https://www.ncbi.nlm.nih.gov/geo/query/acc.cgi?acc=GSE183176
GSE183308,Loss of PRC2 enforces a mesenchymal neural crest stem cell phenotype in NF1-deficient cancer through activation of core transcription factors [single-cell RNA-seq],human,17,sporadic_somatic_only,MPNST described via somatic NF1-deficient Schwann cell biology; no patient NF1 diagnosis stated,NF1,Malignant peripheral nerve sheath tumor (MPNST),medium,https://www.ncbi.nlm.nih.gov/geo/query/acc.cgi?acc=GSE183308
GSE189341,Integrative molecular and clinical profiling of acral melanoma links focal amplification of chr22q11.21 to metastasis,human,4,not_nf_related,"sporadic acral melanoma with somatic LZTR1 amplification, not NF/schwannomatosis disease",Not specified,Other,high,https://www.ncbi.nlm.nih.gov/geo/query/acc.cgi?acc=GSE189341
GSE189672,Multiple approaches converge on three biological subtypes of meningioma and extract new insights from published studies [RNA-Seq],human,110,sporadic_somatic_only,"sporadic meningioma cohort, no germline NF status given",Not specified,Meningioma,high,https://www.ncbi.nlm.nih.gov/geo/query/acc.cgi?acc=GSE189672
GSE190113,Integrative Molecular and Clinical Profiling of Acral Melanoma Identifies LZTR1 as a Key Tumor Promoter and Therapeutic Target,human,105,not_nf_related,"LZTR1 studied as somatic oncogene in acral/sun-exposed melanoma, not germline NF/schwannomatosis",Not specified,Other,high,https://www.ncbi.nlm.nih.gov/geo/query/acc.cgi?acc=GSE190113
GSE190502,"Short Stature, GH stimulation testing and RNASeq",human,24,not_nf_related,no NF association; study of growth hormone deficiency testing,Not specified,Other,high,https://www.ncbi.nlm.nih.gov/geo/query/acc.cgi?acc=GSE190502
GSE190768,Outcomes of intrahepatic cholangiocarcinoma specific CRISPR screening in vivo [RNA-seq],mouse,26,sporadic_somatic_only,"Somatic CRISPR knockout of Nf2 (with Trp53) used as an incidental tumor-suppressor driver in a KRas-driven mouse cholangiocarcinoma model, unrelated to NF2 schwannomatosis",Not specified,Other,high,https://www.ncbi.nlm.nih.gov/geo/query/acc.cgi?acc=GSE190768
GSE19299,Expression data with mouse osteoblast cell from wild-type and retinoblastoma tumor suppressor(Rb) knock-out.,mouse,6,not_nf_related,"Rb knockout model, not NF-associated genotype",Not specified,Other,high,https://www.ncbi.nlm.nih.gov/geo/query/acc.cgi?acc=GSE19299
GSE195454,Nox4 expression in osteo-progenitors controls bone development in mice during early life,mouse,36,not_nf_related,"Study of Nox4 (NADPH oxidase 4) in bone development; 'NF' sample labels denote Nox4 knockout genotype, not neurofibromatosis",Not specified,Bone defects,high,https://www.ncbi.nlm.nih.gov/geo/query/acc.cgi?acc=GSE195454
GSE198220,Profiling the cancer-prone microenvironment in a zebrafish model for MPNST,zebrafish,17,not_nf_related,"Zebrafish MPNST model driven by brca2/tp53 mutations, not Nf1/Nf2/Smarcb1/Lztr1",Not specified,Malignant peripheral nerve sheath tumor (MPNST),high,https://www.ncbi.nlm.nih.gov/geo/query/acc.cgi?acc=GSE198220
GSE199361,The clinical and molecular characteristics of progressive hypothalamic/optic pathway pilocytic astrocytoma [RNA-Seq],human,20,not_nf_related,explicitly non-NF1-associated tumors,Not specified,Optic pathway glioma,high,https://www.ncbi.nlm.nih.gov/geo/query/acc.cgi?acc=GSE199361
GSE199362,The clinical and molecular characteristics of progressive hypothalamic/optic pathway pilocytic astrocytoma,human,49,sporadic_somatic_only,explicitly non-NF1-associated tumors,Not specified,Optic pathway glioma,high,https://www.ncbi.nlm.nih.gov/geo/query/acc.cgi?acc=GSE199362
GSE199549,Both YAP1-MAML2 and constitutively active YAP1 drive the formation of tumors that resemble NF2 mutant meningiomas in mice [human],human,12,not_nf_related,"HEK293 cells transfected with YAP1 fusion constructs, not NF2 patient or engineered NF model material; NF2 mentioned only as comparator",Not specified,Meningioma,high,https://www.ncbi.nlm.nih.gov/geo/query/acc.cgi?acc=GSE199549
GSE199562,Both YAP1-MAML2 and constitutively active YAP1 drive the formation of tumors that resemble NF2 mutant meningiomas in mice [mouse],mouse,10,not_nf_related,"tumors driven by YAP1-MAML2 fusion or constitutively active YAP1, not NF2 loss or engineered Nf2-deficiency",Not specified,Meningioma,high,https://www.ncbi.nlm.nih.gov/geo/query/acc.cgi?acc=GSE199562
GSE199566,Both YAP1-MAML2 and constitutively active YAP1 drive the formation of tumors that resemble NF2 mutant meningiomas in mice,human+mouse,22,not_nf_related,YAP1/MAML2-driven meningioma model; no NF1/NF2 mutation introduced or studied,Not specified,Meningioma,high,https://www.ncbi.nlm.nih.gov/geo/query/acc.cgi?acc=GSE199566
GSE200904,NanoString nCounter NF1-mutant melanoma gene expression,human,341,not_nf_related,"NF1-mutant melanoma is somatic NF1 mutation in sporadic melanoma, not germline NF1 disease",Not specified,Other,medium,https://www.ncbi.nlm.nih.gov/geo/query/acc.cgi?acc=GSE200904
GSE201257,Schwann cell precursors represent a neural crest-like hub state with biased multipotency,mouse,50,not_nf_related,"Study of normal mouse neural crest/SCP development; NF only mentioned as tumor mapping context, no NF genotype or patient samples",Not specified,Other,high,https://www.ncbi.nlm.nih.gov/geo/query/acc.cgi?acc=GSE201257
GSE202806,Transcriptomic analyses of NF1-mutant melanoma,human,52,sporadic_somatic_only,"sporadic melanoma with somatic NF1 mutation status, not germline NF1 disease",Not specified,Other,high,https://www.ncbi.nlm.nih.gov/geo/query/acc.cgi?acc=GSE202806
GSE203095,Unravelling the sex-specific diversity and functions of adrenal gland macrophages (scRNA-Seq).,mouse,2,not_nf_related,Study of adrenal gland macrophage biology in wild-type mice; no NF1/NF2/SMARCB1/LZTR1 relevance,Not specified,,high,https://www.ncbi.nlm.nih.gov/geo/query/acc.cgi?acc=GSE203095
GSE203096,Unravelling the sex-specific diversity and functions of adrenal gland macrophages (RNA-Seq).,mouse,16,not_nf_related,Unrelated to NF disease; wild-type mouse adrenal gland macrophage study,Not specified,Other,high,https://www.ncbi.nlm.nih.gov/geo/query/acc.cgi?acc=GSE203096
GSE203097,Unravelling the sex-specific diversity and functions of adrenal gland macrophages,mouse,18,not_nf_related,"wild-type adrenal gland macrophage study, no NF association",Not specified,Other,high,https://www.ncbi.nlm.nih.gov/geo/query/acc.cgi?acc=GSE203097
GSE205018,Impaired proteolysis of non-canonical RAS proteins drives clonal hematopoietic transformation,human+mouse,14,not_nf_related,"LZTR1/RIT1 studied as general RAS-degradation regulators driving clonal hematopoiesis/leukemia; no schwannomatosis, NF1, or NF2 disease context stated",Not specified,Hematologic malignancies,medium,https://www.ncbi.nlm.nih.gov/geo/query/acc.cgi?acc=GSE205018
GSE206527,Transcriptome analysis between PRC2-loss and PRC2-wt in human malignant peripheral nerve sheath tumor (MPNST),human,41,not_nf_related,no mention of NF1 patient/germline status; MPNSTs can be sporadic,Not specified,Malignant peripheral nerve sheath tumor (MPNST),medium,https://www.ncbi.nlm.nih.gov/geo/query/acc.cgi?acc=GSE206527
GSE207399,"Malignant Peripheral Nerve Sheath Tumors are Comprised of Two Epigenetic Subgroups with Distinct Molecular Landscapes, Outcomes and Therapeutic Targets: snRNA Seq Samples",human,6,sporadic_somatic_only,"No germline NF1 status given per sample; MPNST/neurofibroma can be sporadic, no genotype or patient NF1 status stated",Not specified,Malignant peripheral nerve sheath tumor (MPNST);Other,low,https://www.ncbi.nlm.nih.gov/geo/query/acc.cgi?acc=GSE207399
GSE207512,N-acetylcysteine overcomes NF1-loss driven resistance to PI3K alpha inhibition in breast cancer [RNAseq_WAP],mouse,21,sporadic_somatic_only,"somatic NF1 loss studied as resistance mechanism in breast cancer, not germline NF disease",Not specified,Other,high,https://www.ncbi.nlm.nih.gov/geo/query/acc.cgi?acc=GSE207512
GSE207514,N-acetylcysteine overcomes NF1-loss driven resistance to PI3K alpha inhibition in breast cancer [T47D RNA-seq],human,12,sporadic_somatic_only,"somatic NF1 knockout in breast cancer line to study PI3Ki resistance, not NF1 disease model",Not specified,Other,high,https://www.ncbi.nlm.nih.gov/geo/query/acc.cgi?acc=GSE207514
GSE207817,Single-cell transcriptomic analysis reveals increased regeneration in diseased human inner ears,human,8,sporadic_somatic_only,"sporadic vestibular schwannoma cohort, no NF2 germline status stated",Not specified,Vestibular schwannoma,medium,https://www.ncbi.nlm.nih.gov/geo/query/acc.cgi?acc=GSE207817
GSE2109,Expression Project for Oncology (expO),human,2158,not_nf_related,"General pan-cancer expression project, no NF-specific cohort or genotype mentioned",Not specified,Other,high,https://www.ncbi.nlm.nih.gov/geo/query/acc.cgi?acc=GSE2109
GSE211032,Expression Analysis (RNA-Seq) of adult Myelodysplastic Syndromes (MDS)/Acute Myeloid Leukemia (AML) with isolated monosomy 7 compared to controls,human,45,not_nf_related,sporadic MDS/AML with somatic monosomy 7; no NF1/NF2 germline or engineered association,Not specified,Hematologic malignancies,high,https://www.ncbi.nlm.nih.gov/geo/query/acc.cgi?acc=GSE211032
GSE21122,Whole-transcript expression data for soft-tissue sarcoma tumors and control normal fat specimens,human,158,sporadic_somatic_only,"sporadic sarcomas with somatic NF1 mutation, not germline NF1 patients",Not specified,Other,high,https://www.ncbi.nlm.nih.gov/geo/query/acc.cgi?acc=GSE21122
GSE212792,Single-cell transcriptome depicts the molecular dynamics of synapse formation in mouse hippocampus,mouse,7,not_nf_related,"NF1 refers to Nuclear Factor 1 transcription factor family, not neurofibromatosis",Not specified,,high,https://www.ncbi.nlm.nih.gov/geo/query/acc.cgi?acc=GSE212792
GSE213065,Bulk RNA-sequencing of soft tissue sarcomas from patients undergoing chemotherapy and/or immunotherapy,human,87,not_nf_related,"Sporadic soft tissue sarcomas (leiomyosarcoma, UPS, liposarcoma, synovial sarcoma) with no NF1/NF2/SWN association stated",Not specified,Other,high,https://www.ncbi.nlm.nih.gov/geo/query/acc.cgi?acc=GSE213065
GSE213796,A single-cell level comparison of human inner ear organoids with the human cochlea and vestibular organs,human,3,not_nf_related,No NF-associated disease or genotype; study of inner ear development/organoids,Not specified,Other,high,https://www.ncbi.nlm.nih.gov/geo/query/acc.cgi?acc=GSE213796
GSE214899,PRRX1-TOP2A interaction is a malignancy-promoting factor in human malignant peripheral nerve tumor,human,12,not_nf_related,MPNST cell line HS-PSS with no stated NF1 status or germline association,Not specified,Malignant peripheral nerve sheath tumor (MPNST),high,https://www.ncbi.nlm.nih.gov/geo/query/acc.cgi?acc=GSE214899
GSE214906,Single nucleus RNAseq of VHL hemangioblastomas,human,4,not_nf_related,"VHL disease hemangioblastoma, not NF1/NF2/schwannomatosis",Not specified,Other,high,https://www.ncbi.nlm.nih.gov/geo/query/acc.cgi?acc=GSE214906
GSE215771,IFN-γ induced transcriptional profile of A549 cells in absence of key transcriptional regulators IRF1 and NF2,human,18,not_nf_related,"NF2 KO in A549 lung cancer line used as generic IFN-gamma signaling regulator for Toxoplasma infection, not NF2-related disease modeling",Not specified,Other,high,https://www.ncbi.nlm.nih.gov/geo/query/acc.cgi?acc=GSE215771
GSE216781,Single-cell multi-omic analysis of the vestibular schwannoma ecosystem uncovers a nerve injury-like state [bulk RNA-seq],human,22,sporadic_somatic_only,"sporadic vestibular schwannoma, not germline NF2/NF-associated",Not specified,Vestibular schwannoma,high,https://www.ncbi.nlm.nih.gov/geo/query/acc.cgi?acc=GSE216781
GSE216783,Single-cell multi-omic analysis of the vestibular schwannoma ecosystem uncovers a nerve injury-like state [scRNA-seq],human,15,sporadic_somatic_only,"sporadic vestibular schwannoma, no NF2 germline status stated",Not specified,Vestibular schwannoma,high,https://www.ncbi.nlm.nih.gov/geo/query/acc.cgi?acc=GSE216783
GSE216784,Single-cell multi-omic analysis of the vestibular schwannoma ecosystem uncovers a nerve injury-like state,human,47,sporadic_somatic_only,"all samples explicitly labeled sporadic vestibular schwannoma, no NF2 germline status indicated",Not specified,Vestibular schwannoma,high,https://www.ncbi.nlm.nih.gov/geo/query/acc.cgi?acc=GSE216784
GSE216792,Analysis of ENG-modulated gene expression profiles in MPNST cells,human,4,not_nf_related,"STS26T is a sporadic MPNST cell line, not listed as NF1-patient-derived",Not specified,Malignant peripheral nerve sheath tumor (MPNST),medium,https://www.ncbi.nlm.nih.gov/geo/query/acc.cgi?acc=GSE216792
GSE217832,Human cytomegalovirus dysregulates neurodevelopmental pathways in cerebral organoids,human,8,not_nf_related,"CMV infection study, not NF-related",Not specified,Other,high,https://www.ncbi.nlm.nih.gov/geo/query/acc.cgi?acc=GSE217832
GSE218097,Transcriptomic analyis of SVG-p12 human fetal glial cells with overexpression of wildtype SOX10 or schwannoma-derived mutant isoforms,human,12,not_nf_related,SVG-p12 fetal glial line overexpressing SOX10 mutants; no NF1/NF2/SMARCB1/LZTR1 germline or engineered genotype link,Not specified,Other,high,https://www.ncbi.nlm.nih.gov/geo/query/acc.cgi?acc=GSE218097
GSE219148,RNA profiling of MPNST xenografts treated with anti-endoglin (ENG) therapies,mouse,6,not_nf_related,No mention of NF1/NF2 germline status or engineered genotype; STS26T is an ATCC MPNST line not listed as NF-patient-derived,Not specified,Malignant peripheral nerve sheath tumor (MPNST),medium,https://www.ncbi.nlm.nih.gov/geo/query/acc.cgi?acc=GSE219148
GSE221429,Specific gene expression signatures of low grade meningiomas,human,20,sporadic_somatic_only,"sporadic meningioma with somatic NF2 loss, not germline NF2-SWN patients",Not specified,Meningioma,high,https://www.ncbi.nlm.nih.gov/geo/query/acc.cgi?acc=GSE221429
GSE222960,"A novel irreversible TEAD inhibitor, SWTX-143, blocks the Hippo pathway and causes tumor regression in preclinical mesothelioma models [Invitro]",human,12,sporadic_somatic_only,"somatic NF2 loss in sporadic mesothelioma/kidney cancer cell lines, not germline NF disease",Not specified,Other,high,https://www.ncbi.nlm.nih.gov/geo/query/acc.cgi?acc=GSE222960
GSE222962,"A novel irreversible TEAD inhibitor, SWTX-143, blocks the Hippo pathway and causes tumor regression in preclinical mesothelioma models [SubQ]",human,24,sporadic_somatic_only,"sporadic mesothelioma cell line with somatic NF2/Hippo pathway mutation, not germline NF disease",Not specified,Other,high,https://www.ncbi.nlm.nih.gov/geo/query/acc.cgi?acc=GSE222962
GSE224347,Merlin rescue drives Wnt signalling,human+mouse,12,sporadic_somatic_only,"sporadic meningioma cell line (CH-157MN) with NF2 loss, not an NF2-patient-derived line on the approved list",NF2-SWN,Meningioma,medium,https://www.ncbi.nlm.nih.gov/geo/query/acc.cgi?acc=GSE224347
GSE224656,"CDK4/6-MEK inhibition in MPNSTs causes plasma cell infiltration, sensitization to PD-L1 blockade, and tumor regression",mouse,12,not_nf_related,No stated Nf1/Nf2 engineered genotype; all samples annotated genotype: WT with no NF-pathway lesion described,Not specified,Malignant peripheral nerve sheath tumor (MPNST),medium,https://www.ncbi.nlm.nih.gov/geo/query/acc.cgi?acc=GSE224656
GSE226178,Durable and efficient gene silencing in vivo by hit-and-run epigenome editing [RNA-seq],mouse,15,not_nf_related,Study targets Pcsk9 gene silencing in Hepa 1-6 hepatocyte cells; unrelated to NF1/NF2/schwannomatosis,Not specified,,high,https://www.ncbi.nlm.nih.gov/geo/query/acc.cgi?acc=GSE226178
GSE226209,Durable and efficient gene silencing in vivo by hit-and-run epigenome editing,mouse,121,not_nf_related,"Pcsk9 epigenome editing study, no NF1/NF2/SWN relevance",Not specified,Other,high,https://www.ncbi.nlm.nih.gov/geo/query/acc.cgi?acc=GSE226209
GSE230375,Gene expression profile at single cell level of vestibular schwannoma,human,9,sporadic_somatic_only,"sporadic VS, no NF2 germline status stated",Not specified,Vestibular schwannoma,high,https://www.ncbi.nlm.nih.gov/geo/query/acc.cgi?acc=GSE230375
GSE234074,NR2F2 is a key downstream effector of NF1 loss in estorgen receptor positive breast cancer (RNA-seq),human,76,sporadic_somatic_only,"CRISPR NF1-knockout in MCF7 breast cancer line, models somatic NF1 loss in HR+ breast cancer, not NF-associated disease",Not specified,Other,high,https://www.ncbi.nlm.nih.gov/geo/query/acc.cgi?acc=GSE234074
GSE234092,Gene Expression Profiling of Surgically Resectable Soft-Tissue Sarcomas,human,69,not_nf_related,"general soft-tissue sarcoma cohort, no NF1/NF2 mention",Not specified,Other,high,https://www.ncbi.nlm.nih.gov/geo/query/acc.cgi?acc=GSE234092
GSE234402,Single-cell RNA sequencing of human meningioma,human,1,sporadic_somatic_only,"sporadic meningioma with somatic NF2 loss, no germline/NF2-SWN cohort stated",Not specified,Meningioma,medium,https://www.ncbi.nlm.nih.gov/geo/query/acc.cgi?acc=GSE234402
GSE235594,A common single nucleotide variant in the cytokine receptor-like factor-3 (CRLF3) gene causes neuronal deficits in human and mouse cells,mouse,2,not_nf_related,"Mice are Crlf3L389P-mutant, not Nf1/Nf2/Smarcb1/Lztr1-deficient; NF1 appears only as background context for a modifier gene",NF1,Cognition / Behavioral / Learning,high,https://www.ncbi.nlm.nih.gov/geo/query/acc.cgi?acc=GSE235594
GSE235998,Notch3 drives meningioma tumorigenesis and resistance to radiotherapy,human,29,sporadic_somatic_only,sporadic meningioma with somatic NF2 loss; no germline NF2-SWN/NF1 cohort indicated,Not specified,Meningioma,medium,https://www.ncbi.nlm.nih.gov/geo/query/acc.cgi?acc=GSE235998
GSE236735,Single-cell multi-omic analysis of the vestibular schwannoma ecosystem uncovers a nerve injury-like state [RNA-seq-invitro],human,4,sporadic_somatic_only,"Vestibular schwannoma record with no stated NF2 germline/patient status; samples are immortalized generic Schwann cell line, not tumor-derived",Not specified,Vestibular schwannoma,high,https://www.ncbi.nlm.nih.gov/geo/query/acc.cgi?acc=GSE236735
GSE240145,MRTX1719 is an MTA-cooperative PRMT5 inhibitor that exhibits synthetic lethality in preclinical models and patients with MTAP deleted cancer,human,8,not_nf_related,"NSCLC cell line study of MTAP-deleted cancer drug target; MPNST mentioned only as one of several tumor types with clinical response in unrelated patients, not the subject of this dataset",Not specified,Other,high,https://www.ncbi.nlm.nih.gov/geo/query/acc.cgi?acc=GSE240145
GSE240193,An ILK/STAT3 pathway controls plasticity in a neural stem cell model of glioblastoma.,mouse,24,sporadic_somatic_only,"NF1 loss is one of three engineered hits (Pten-/-, Egfrviii+) modeling sporadic GBM, not NF1 disease",Not specified,High grade glioma,medium,https://www.ncbi.nlm.nih.gov/geo/query/acc.cgi?acc=GSE240193
GSE240939,Durable and efficient gene silencing in vivo by hit-and-run epigenome editing [RNAseq_2],mouse,10,not_nf_related,"Study of Pcsk9 epigenetic silencing in mouse hepatocyte cell line, unrelated to NF1/NF2",Not specified,,high,https://www.ncbi.nlm.nih.gov/geo/query/acc.cgi?acc=GSE240939
GSE241037,spatiotemporal single-cell transcriptomics in mouse and human to investigate TAM evolution during GBM progression,human+mouse,51,sporadic_somatic_only,"NF1 is one of several somatic mutations in a sporadic GBM sample, not germline NF disease",Not specified,High grade glioma,high,https://www.ncbi.nlm.nih.gov/geo/query/acc.cgi?acc=GSE241037
GSE241224,Gene expression profiling of malignant peripheral nerve sheath tumors (MPNSTs) and benign neurofibroma tissue samples.,human,79,sporadic_somatic_only,no NF1/NF2 germline status given per sample or cohort,Not specified,Malignant peripheral nerve sheath tumor (MPNST);Plexiform neurofibroma,medium,https://www.ncbi.nlm.nih.gov/geo/query/acc.cgi?acc=GSE241224
GSE241396,Tumor type and cell type-specific gene expression alterations in diverse pediatric central nervous system tumors identified using single nuclei RNA-seq,human,37,not_nf_related,no mention of NF1/NF2/neurofibromatosis or germline status; pediatric CNS tumor cohort profiled for tumor/cell-type expression,Not specified,Other,high,https://www.ncbi.nlm.nih.gov/geo/query/acc.cgi?acc=GSE241396
GSE242992,Transcriptomic and epigenetic dissection of spinal ependymomas (SP-EPN) identifies clinically relevant subtypes enriched for tumors with and without NF2 mutation [RNA-seq],human,72,sporadic_somatic_only,"sporadic tumor cohort with mix of NF2-mutant and NF2-wildtype cases, not a germline NF cohort",Not specified,Ependymoma,medium,https://www.ncbi.nlm.nih.gov/geo/query/acc.cgi?acc=GSE242992
GSE242994,Transcriptomic and epigenetic dissection of  spinal ependymoma (SP-EPN) identifies clinically relevant subtypes enriched for tumors with and without NF2 mutations,human,294,sporadic_somatic_only,"somatic NF2 mutations in sporadic spinal ependymoma, not germline NF2-SWN",Not specified,Ependymoma,medium,https://www.ncbi.nlm.nih.gov/geo/query/acc.cgi?acc=GSE242994
GSE246578,Cooperation between the Hippo and MAPK pathway activation drives acquired resistance to TEAD inhibition I,human,12,not_nf_related,Sporadic mesothelioma cell line (NCI-H226) with Hippo/TEAD pathway study; no NF1/NF2 germline or engineered NF genotype mentioned,Not specified,Other,high,https://www.ncbi.nlm.nih.gov/geo/query/acc.cgi?acc=GSE246578
GSE247442,Cooperation between the Hippo and MAPK pathway activation drives acquired resistance to TEAD inhibition [multiome-seq],human,3,not_nf_related,Mesothelioma cell line (NCI-H226) study of Hippo/TEAD pathway; no NF1/NF2 germline or engineered NF genotype mentioned,Not specified,Other,high,https://www.ncbi.nlm.nih.gov/geo/query/acc.cgi?acc=GSE247442
GSE248208,Cooperation between the Hippo and MAPK pathway activation drives acquired resistance to TEAD inhibition,human,99,not_nf_related,Sporadic mesothelioma/pancreatic cancer cell lines studying Hippo/YAP/TEAD signaling and drug resistance; no NF1/NF2 patient or germline genotype mentioned,Not specified,Other,high,https://www.ncbi.nlm.nih.gov/geo/query/acc.cgi?acc=GSE248208
GSE249969,Loss of tumor suppressors promotes a non-cell-autonomous inflammatory tumor microenvironment and enhances LAG3+T cell mediated immune suppression [RNA_seq_Cas9_PT],mouse,8,sporadic_somatic_only,"Somatic Nf1 CRISPR knockout in 4T1 TNBC model, one of several tumor suppressors studied; not an NF1 disease model",Not specified,Other,high,https://www.ncbi.nlm.nih.gov/geo/query/acc.cgi?acc=GSE249969
GSE249971,Loss of tumor suppressors promotes a non-cell-autonomous inflammatory tumor microenvironment and enhances LAG3+T cell mediated immune suppression [RNA_seq_vitro],mouse,8,not_nf_related,4T1 mouse TNBC line with CRISPR knockout of Nf1 among multiple tumor suppressors; not germline/engineered NF disease model,Not specified,Other,high,https://www.ncbi.nlm.nih.gov/geo/query/acc.cgi?acc=GSE249971
GSE249972,Loss of tumor suppressors promotes a non-cell-autonomous inflammatory tumor microenvironment and enhances LAG3+T cell mediated immune suppression,mouse,24,not_nf_related,"4T1 mammary tumor model with sgNF1 knockout among sgTSC1/sgTGFBR2 CRISPR panel, not germline/NF disease model",Not specified,Other,high,https://www.ncbi.nlm.nih.gov/geo/query/acc.cgi?acc=GSE249972
GSE250061,Single cell RNA sequencing analysis of vestibular schwannoma reveals functionally distinct macrophage subsets,human,3,sporadic_somatic_only,no NF2 germline/genotype status given; sporadic VS by default,Not specified,Vestibular schwannoma,high,https://www.ncbi.nlm.nih.gov/geo/query/acc.cgi?acc=GSE250061
GSE251692,NF1 deficiency drives metabolic reprogramming in ER+ breast cancer,human,6,sporadic_somatic_only,"engineered NF1 loss in sporadic ER+ breast cancer cell line, not an NF-associated tumor/disease model",Not specified,Other,high,https://www.ncbi.nlm.nih.gov/geo/query/acc.cgi?acc=GSE251692
GSE252945,PDX models of relapsed pediatric AML preserve global gene expression patterns and reveal therapeutic targets,human,47,sporadic_somatic_only,"NF1 is a somatic mutation among many in one AML sample, not germline NF1 disease",Not specified,Other,high,https://www.ncbi.nlm.nih.gov/geo/query/acc.cgi?acc=GSE252945
GSE254067,RNA-seq analysis of target genes  in Noonan syndrome model mice  with cardiac hypertrophy,mouse,6,not_nf_related,"LZTR1 mutant models Noonan syndrome, not schwannomatosis/NF",Not specified,Cardiovascular issues,high,https://www.ncbi.nlm.nih.gov/geo/query/acc.cgi?acc=GSE254067
GSE255127,Effect of Trp53 and Rb1 knockout and Myc overexpression on fallopian tube epithelial organoids,mouse,5,not_nf_related,"Nf1 KO is one of several engineered mutations modeling ovarian HGSC, not NF disease",Not specified,Other,high,https://www.ncbi.nlm.nih.gov/geo/query/acc.cgi?acc=GSE255127
GSE2553,NHGRI_Sarcoma_Baird,human,181,sporadic_somatic_only,No germline NF status or NF1/NF2 mutation status given; MPNST is one of 16 unrelated sarcoma subtypes profiled,Not specified,Malignant peripheral nerve sheath tumor (MPNST),low,https://www.ncbi.nlm.nih.gov/geo/query/acc.cgi?acc=GSE2553
GSE256268,Transcriptomic Profiling of Plasma Extracellular Vesicles Enables Reliable Annotation of the Cancer-specific Transcriptome and Molecular Subtype (tumor tissues),human,42,not_nf_related,"Sporadic colorectal cancer, not NF-associated",Not specified,Other,high,https://www.ncbi.nlm.nih.gov/geo/query/acc.cgi?acc=GSE256268
GSE25641,Expression data from SPAK transfected Caco2-BBE cells,human,2,not_nf_related,SPAK kinase/IBD study unrelated to neurofibromatosis,Not specified,Other,high,https://www.ncbi.nlm.nih.gov/geo/query/acc.cgi?acc=GSE25641
GSE261976,RNA sequencing of SW1990 KRAS-G12D or KRAS-G12D/K128R knockin cell lines,human,6,not_nf_related,"NF1 is a RAS-GAP protein mentioned mechanistically, not NF1 disease; SW1990 is a pancreatic cancer line with KRAS G12D, unrelated to neurofibromatosis",Not specified,,high,https://www.ncbi.nlm.nih.gov/geo/query/acc.cgi?acc=GSE261976
GSE262999,Effects of NF2 deletion on gene expression in pancreatic cancer spheroids [sgLUC_sgNF2_RNASeq],human,6,sporadic_somatic_only,"engineered NF2 knockout in sporadic pancreatic cancer cell line, not NF-associated disease model",Not specified,Other,high,https://www.ncbi.nlm.nih.gov/geo/query/acc.cgi?acc=GSE262999
GSE263847,"Transcriptomic and epigenomic consequences of heterozygous loss-of-function mutations in AKAP11, a shared risk gene for bipolar disorder and schizophrenia [RNA-seq]",human,6,not_nf_related,"NF1 refers to Nuclear Factor-1 transcription factor motif, not neurofibromatosis",Not specified,,high,https://www.ncbi.nlm.nih.gov/geo/query/acc.cgi?acc=GSE263847
GSE267855,NF1 modulates microtubular repair and dictates sensitivity to maytansinoid antibody-drug conjugates in HER2-positive breast cancer,human,18,sporadic_somatic_only,"NF1 engineered KO in sporadic HER2+ breast cancer cell line, not germline NF disease",Not specified,Other,high,https://www.ncbi.nlm.nih.gov/geo/query/acc.cgi?acc=GSE267855
GSE269899,Identification of resistance mechanisms to small-molecule inhibition of YAP/TEAD-regulated transcription [RNA-seq],human,18,not_nf_related,"NF1 mutation engineered in mesothelioma cell lines as a drug-resistance mechanism, not a germline NF1 patient cohort",Not specified,,high,https://www.ncbi.nlm.nih.gov/geo/query/acc.cgi?acc=GSE269899
GSE269900,Identification of resistance mechanisms to small-molecule inhibition of YAP/TEAD-regulated transcription,human,18,not_nf_related,"NF1 is a somatic mutation studied in mesothelioma cell lines for YAP/TEAD drug-resistance, not neurofibromatosis",Not specified,Other,high,https://www.ncbi.nlm.nih.gov/geo/query/acc.cgi?acc=GSE269900
GSE271775,Cellular Crosstalk Drives Hypertrophic Cardiomyopathy in LZTR1 Deficiency,human,12,not_nf_related,"LZTR1-KO models Noonan syndrome cardiomyopathy, not schwannomatosis/NF disease",Not specified,Cardiovascular issues,high,https://www.ncbi.nlm.nih.gov/geo/query/acc.cgi?acc=GSE271775
GSE275791,IDH-mutant glioma arises from glial progenitor cells harboring the initial driver mutation,mouse,2,not_nf_related,"Nf1 loss is one of several engineered driver mutations in an IDH-mutant glioma model, not an NF-modeling study",Not specified,High grade glioma,high,https://www.ncbi.nlm.nih.gov/geo/query/acc.cgi?acc=GSE275791
GSE277806,NF1 Loss Promotes EGFR Activation and Confers Sensitivity to EGFR Inhibition in NF1 Mutant Melanoma,human,32,sporadic_somatic_only,"sporadic melanoma with somatic NF1 mutation, not germline NF disease",Not specified,Other,high,https://www.ncbi.nlm.nih.gov/geo/query/acc.cgi?acc=GSE277806
GSE277807,NF1 Loss Promotes EGFR Activation and Confers Sensitivity to EGFR Inhibition in NF1 Mutant Melanoma,human,6,sporadic_somatic_only,"somatic NF1-mutant melanoma subtype, not NF1 syndrome/germline patient",Not specified,Other,high,https://www.ncbi.nlm.nih.gov/geo/query/acc.cgi?acc=GSE277807
GSE277808,NF1 Loss Promotes EGFR Activation and Confers Sensitivity to EGFR Inhibition in NF1 Mutant Melanoma,human,6,sporadic_somatic_only,"sporadic melanoma with somatic NF1 mutation, not germline NF1 disease",Not specified,Other,high,https://www.ncbi.nlm.nih.gov/geo/query/acc.cgi?acc=GSE277808
GSE277809,NF1 Loss Promotes EGFR Activation and Confers Sensitivity to EGFR Inhibition in NF1 Mutant Melanoma,human,137,sporadic_somatic_only,"Sporadic melanoma with somatic NF1 mutation subtype, not NF1 patient disease",Not specified,,high,https://www.ncbi.nlm.nih.gov/geo/query/acc.cgi?acc=GSE277809
GSE277963,Metallothionein 1 Regulates Growth and Survival of DNMT3A;NPM1-Mutant Acute Myeloid Leukemia,mouse,5,not_nf_related,"Nf1 is a somatic co-mutation in an AML model, not germline NF1 disease",Not specified,Hematologic malignancies,high,https://www.ncbi.nlm.nih.gov/geo/query/acc.cgi?acc=GSE277963
GSE278713,Transcriptome-wide Profiling between Cystic and Solid Vestibular Schwannoma Patients Reveal Candidate Long noncoding RNA molecular signatures,human,6,sporadic_somatic_only,"sporadic vestibular schwannoma, no NF2 germline status given",Not specified,Vestibular schwannoma,medium,https://www.ncbi.nlm.nih.gov/geo/query/acc.cgi?acc=GSE278713
GSE279173,ADAM17 in glutamatergic presympathetic neurons enhance angiotensin II-induced disinhibition and sympatho-excitation through microglia and chemotactic pathway,mouse,6,not_nf_related,"NF1/NF2 not referenced as neurofibromatosis; ADAM17/hypertension/PVN study, sample label 'NF1' is a mouse ID not disease term",Not specified,Other,high,https://www.ncbi.nlm.nih.gov/geo/query/acc.cgi?acc=GSE279173
GSE283496,Genetically Engineered Brain Organoids Recapitulate Spatial and Developmental States of Glioblastoma Progression [scRNA-seq],human,4,sporadic_somatic_only,"NF1 deletion is one of several engineered mutations modeling sporadic glioblastoma, not NF1 syndrome",Not specified,High grade glioma,medium,https://www.ncbi.nlm.nih.gov/geo/query/acc.cgi?acc=GSE283496
GSE283616,GSTM1 null genotype underpins recurrence of NF2 meningiomas,human,16,sporadic_somatic_only,"somatic NF2 loss defining a sporadic meningioma molecular subtype, not germline NF2-related disease",Not specified,Meningioma,high,https://www.ncbi.nlm.nih.gov/geo/query/acc.cgi?acc=GSE283616
GSE284088,CDK12 tumor suppressor function and therapeutic targeting in newly developed mouse models of serous ovarian cancer,mouse,6,not_nf_related,Nf1 co-ablated with Trp53/Rb1 as one of several tumor suppressors in engineered ovarian cancer model; not a neurofibromatosis disease model,Not specified,Other,high,https://www.ncbi.nlm.nih.gov/geo/query/acc.cgi?acc=GSE284088
GSE285564,Single-cell transcriptome comparison of myeloid cells’ in the retina in response to transplantation of human stem-cell derived neurons and to ocular damage reveals the reversibility of the microglia activation.,human+mouse,3,not_nf_related,"Not NF-related; retina/RGC transplantation and microglia study, no NF1/NF2 disease relevance",Not specified,Other,high,https://www.ncbi.nlm.nih.gov/geo/query/acc.cgi?acc=GSE285564
GSE286419,Spatial multi-omics defines a shared glioblastoma infiltrative signature at the resection margin [RNA-seq],human,12,not_nf_related,"sporadic glioblastoma, no NF1/NF2 germline or engineered association mentioned",Not specified,High grade glioma,high,https://www.ncbi.nlm.nih.gov/geo/query/acc.cgi?acc=GSE286419
GSE287174,Patient-Derived Meningioma Organoids: A Reliable Model for Studying Human Tumor Pathophysiology,human,65,not_nf_related,"sporadic meningioma cohort, no NF status indicated",Not specified,Meningioma,high,https://www.ncbi.nlm.nih.gov/geo/query/acc.cgi?acc=GSE287174
GSE287322,Molecular signatures define BAP1-altered meningioma as a distinct CNS tumor with deregulation of Polycomb repressive complex target genes,human,29,sporadic_somatic_only,"NF2 here denotes somatic NF2-mutant meningioma molecular subtype, not NF2-related schwannomatosis patients",Not specified,Meningioma,high,https://www.ncbi.nlm.nih.gov/geo/query/acc.cgi?acc=GSE287322
GSE288579,Detecting Circadian Rhythmicity By Single Cell Multiomics,mouse,12,not_nf_related,"wildtype mice, circadian liver study, no NF genotype or disease context",Not specified,,high,https://www.ncbi.nlm.nih.gov/geo/query/acc.cgi?acc=GSE288579
GSE288780,Promoter-centric gene regulation in drug-resistant cancer,human,71,sporadic_somatic_only,"NF2 loss is somatic/cell-line-intrinsic in sporadic mesothelioma (NCI-H226, MSTO-211H), not germline NF2-related schwannomatosis",Not specified,Other,high,https://www.ncbi.nlm.nih.gov/geo/query/acc.cgi?acc=GSE288780
GSE289110,Distinct immunomodulatory pathways mediate radiotherapy response in malignant peripheral nerve sheath tumors [scRNA-Seq],mouse,7,not_nf_related,no NF1/NF2 genotype or patient origin stated; MPNST cell line not identified as NF-derived,Not specified,Malignant peripheral nerve sheath tumor (MPNST),medium,https://www.ncbi.nlm.nih.gov/geo/query/acc.cgi?acc=GSE289110
GSE292512,Loss of NF2 drives malignant transformation of human pancreatic acinar cells and enhances cell fitness under nutrient deprivation and therapeutical stress [bulk_RNAseq],human,18,sporadic_somatic_only,"NF2 used as one candidate tumor suppressor knocked out in engineered PDAC model, not NF2-related disease",Not specified,Other,high,https://www.ncbi.nlm.nih.gov/geo/query/acc.cgi?acc=GSE292512
GSE292513,Loss of NF2 drives malignant transformation of human pancreatic acinar cells and enhances cell fitness under nutrient deprivation and therapeutical stress [single_cell_RNAseq],human,8,not_nf_related,"Engineered NF2 knockout in PDAC organoid model; NF2 studied as one of 199 candidate tumor suppressors in pancreatic cancer, not NF-associated disease",Not specified,Other,high,https://www.ncbi.nlm.nih.gov/geo/query/acc.cgi?acc=GSE292513
GSE293735,TRAP1 expression elicits pro-tumoral functions in macrophages associated to malignant peripheral nerve sheath tumor cells,mouse,27,not_nf_related,"profiled samples are TRAP1 WT/KO macrophages, not NF-genotyped or NF-patient-derived cells; MPNST cells only used to make conditioned medium and are not sequenced or genotyped for Nf1 status",NF1,Malignant peripheral nerve sheath tumor (MPNST),medium,https://www.ncbi.nlm.nih.gov/geo/query/acc.cgi?acc=GSE293735
GSE296064,Gene expression analysis of normal mammary gland fibroblasts (NFs) and cancer-associated fibroblasts (CAFs) from the murine breast cancer model MMTV-PyMT after perturbing the expression of Hsp90aa1 and Hsp90ab1 by RNAi,mouse,21,not_nf_related,"NF1/NF2 refer to normal fibroblast cell line labels, not neurofibromatosis; MMTV-PyMT breast cancer stroma study",Not specified,Other,high,https://www.ncbi.nlm.nih.gov/geo/query/acc.cgi?acc=GSE296064
GSE296341,The genetic landscape of a human cell reveals conserved topology and principles of genetic networks,human,61,not_nf_related,"HAP1 CML cell line CRISPR knockout screen, no NF1/NF2 relevance",Not specified,Other,high,https://www.ncbi.nlm.nih.gov/geo/query/acc.cgi?acc=GSE296341
GSE297120,A cytomegalovirus encoded lncRNA blocks cell cycle progression,human,104,not_nf_related,"unrelated virology study, no NF1/NF2 disease context",Not specified,Other,high,https://www.ncbi.nlm.nih.gov/geo/query/acc.cgi?acc=GSE297120
GSE297199,The landscape of gain and loss of function mutations in melanoma [RNA-seq],human,242,not_nf_related,Sporadic melanoma PDX cohort; no NF1/NF2/schwannomatosis association mentioned,Not specified,Other,high,https://www.ncbi.nlm.nih.gov/geo/query/acc.cgi?acc=GSE297199
GSE297610,KMT2C deficiency promotes meningioma progression through H3K27ac-mediated HIPPO Pathway Inactivation,human,6,sporadic_somatic_only,"Sporadic meningioma cell line; NF2 mentioned only as downstream regulated gene, not germline NF2 disease",Not specified,Meningioma,high,https://www.ncbi.nlm.nih.gov/geo/query/acc.cgi?acc=GSE297610
GSE298617,"Multiplex organoid mutagenesis reveals gene combinations driving transformation, pathology and chemosensitivity in ovarian carcinoma",mouse,13,not_nf_related,"Nf1 is one of 20 candidate HGSC driver genes in a mouse ovarian carcinoma organoid model, not NF1 disease",Not specified,Other,high,https://www.ncbi.nlm.nih.gov/geo/query/acc.cgi?acc=GSE298617
GSE299349,Targeting ATR signaling in sarcoma with homologous recombination deficiency,human,68,sporadic_somatic_only,MPNST subset lacks any stated NF1 germline/patient status; broader cohort is mixed sporadic sarcomas studied for HRD/DDR biomarkers,Not specified,Malignant peripheral nerve sheath tumor (MPNST),medium,https://www.ncbi.nlm.nih.gov/geo/query/acc.cgi?acc=GSE299349
GSE299589,Clonal dynamics reveal cancer resistance arises from adaptive programs [RNA-Seq],human,18,not_nf_related,"sporadic BRAF V600E melanoma, no NF1/NF2/SWN association",Not specified,Other,high,https://www.ncbi.nlm.nih.gov/geo/query/acc.cgi?acc=GSE299589
GSE299711,Clonal dynamics reveal cancer resistance arises from adaptive programs [scRNA-Seq],human,8,not_nf_related,"BRAF V600E melanoma, no NF1/NF2 germline or engineered relevance",Not specified,Other,high,https://www.ncbi.nlm.nih.gov/geo/query/acc.cgi?acc=GSE299711
GSE300614,Cooperativity between Ras pathway mutations in colonic tumorigenesis,mouse,27,engineered_nf_model,"Nf1 knockout used as a cooperating MAPK-pathway mutation in a sporadic colon cancer model (Apc/Kras-driven), not to model NF1 disease or its manifestations",Not specified,Other,high,https://www.ncbi.nlm.nih.gov/geo/query/acc.cgi?acc=GSE300614
GSE300914,Rapid generation of a sdhb loss-of-function zebrafish model for secreting pheochromocytomas and paragangliomas,zebrafish,6,not_nf_related,"sdhb-related PPGL model, not NF1/NF2/schwannomatosis",Not specified,Other,high,https://www.ncbi.nlm.nih.gov/geo/query/acc.cgi?acc=GSE300914
GSE301187,Gene expression profiles of malignant peripheral nerve sheath tumors (MPNSTs).,human,13,not_nf_related,"no NF status stated; MPNST can be sporadic or NF1-associated, not specified",Not specified,Malignant peripheral nerve sheath tumor (MPNST),medium,https://www.ncbi.nlm.nih.gov/geo/query/acc.cgi?acc=GSE301187
GSE301299,Multi-omics analysis identifies intrinsic Trp53 driven metastatic breast cancer subtypes [RNA-seq],mouse,51,not_nf_related,Trp53-driven somatic mouse mammary cancer model; Nf1 mentioned only as one of several genes with somatic deletion,Not specified,Other,high,https://www.ncbi.nlm.nih.gov/geo/query/acc.cgi?acc=GSE301299
GSE301844,mTOR inhibition enhances the antitumor efficacy of RAF dimer-MEK blockade by inhibiting the ATF4-MTHFD2 pathway,human,12,not_nf_related,"cell line is NRAS-mutant melanoma, not NF1/NF2-associated; NF1 only mentioned as a separate melanoma subtype in background",Not specified,Other,high,https://www.ncbi.nlm.nih.gov/geo/query/acc.cgi?acc=GSE301844
GSE302412,Mutant RIT1 cooperates with YAP to drive an EMT-like lung cancer state,mouse,7,not_nf_related,"Nf2 knockout used as cooperating tumor-suppressor loss in an engineered lung adenocarcinoma model, not modeling NF2-related disease",Not specified,Other,high,https://www.ncbi.nlm.nih.gov/geo/query/acc.cgi?acc=GSE302412
GSE30563,Gene Expression data from human brain tumor or normal brain,human,6,not_nf_related,no NF1/NF2 germline or genotype indication; sporadic schwannoma/glioblastoma/ganglioglioma,Not specified,Other,high,https://www.ncbi.nlm.nih.gov/geo/query/acc.cgi?acc=GSE30563
GSE306038,Intratumoral plasma cells are required for immune checkpoint blockade therapy in de novo MPNSTs,mouse,6,not_nf_related,"No Nf1/Nf2 genotype or NF-patient origin stated; genotype axis is WT vs AID-/-;µS-/- (plasma-cell deficient), not NF status",Not specified,Malignant peripheral nerve sheath tumor (MPNST),low,https://www.ncbi.nlm.nih.gov/geo/query/acc.cgi?acc=GSE306038
GSE309487,Medroxyprogesterone acetate inhibits tumorigenesis in mouse models of oviductal high-grade serous carcinoma,mouse,20,not_nf_related,"Nf1 flox allele is one of four tumor suppressors (Brca1/Trp53/Rb1/Nf1) conditionally inactivated to model ovarian/oviductal HGSC, not a neurofibromatosis model",Not specified,Other,high,https://www.ncbi.nlm.nih.gov/geo/query/acc.cgi?acc=GSE309487
GSE310589,The Rho effector ARHGAP18 coordinates a Hippo pathway feedback loop through YAP and Merlin to regulate the cytoskeleton and epithelial cell polarity.,human,8,not_nf_related,"Jeg-3 placental choriocarcinoma cell line, ARHGAP18 knockout, no NF/Merlin patient association; Merlin mentioned only as Hippo pathway protein",Not specified,Other,high,https://www.ncbi.nlm.nih.gov/geo/query/acc.cgi?acc=GSE310589
GSE311556,"BMX-001, a selective radioprotector in phase II clinical trials, can reverse radiation-induced fibrosis when given three weeks after radiation [RNA-seq]",mouse,16,not_nf_related,"Nrf2-/- radioprotection study, no NF1/NF2/SMARCB1/LZTR1 involvement",Not specified,Other,high,https://www.ncbi.nlm.nih.gov/geo/query/acc.cgi?acc=GSE311556
GSE31169,"Transcriptional profiling of liver tissue from mice with wild-type, N750F mutant or exon 19 deleted RB1, after treatment with diethylnitrosamine.",mouse,13,not_nf_related,"Study of RB1 (retinoblastoma) LXCXE-binding domain mutants (N750F, exon 19 deletion) in mouse liver; 'NF' sample labels denote N750F genotype, not neurofibromatosis",Not specified,Other,high,https://www.ncbi.nlm.nih.gov/geo/query/acc.cgi?acc=GSE31169
GSE31186,The human Ewing's Sarcoma oncoprotein EWS-FLI1 causes Ewing's-type tumors in zebrafish,zebrafish,6,not_nf_related,"MPNST arises from p53 mutant background, no NF1/NF2 genotype or patient status mentioned",Not specified,Malignant peripheral nerve sheath tumor (MPNST),high,https://www.ncbi.nlm.nih.gov/geo/query/acc.cgi?acc=GSE31186
GSE31217,A zebrafish transgenic model of Ewing's Sarcoma reveals conserved mediators of EWS-FLI1 tumorigenesis,zebrafish,12,not_nf_related,MPNST arises from p53 mutation alone; no NF1/NF2 germline or engineered genotype stated,Not specified,Malignant peripheral nerve sheath tumor (MPNST),high,https://www.ncbi.nlm.nih.gov/geo/query/acc.cgi?acc=GSE31217
GSE31322,Activation of different signaling pathways in the regulation of biological properties of human pancreatic cancer cells by the mucin MUC4 and the oncogenic receptor ErbB2 genes,human,8,not_nf_related,"Pancreatic cancer cell line study of MUC4/ErbB2, unrelated to NF1/NF2/schwannomatosis",Not specified,Other,high,https://www.ncbi.nlm.nih.gov/geo/query/acc.cgi?acc=GSE31322
GSE313416,Transient proliferation by reversible YAP- and mitogen-control of the cyclin D1/p27 ratio,human,63,not_nf_related,"Merlin/NF2 knockout used as a generic Hippo-pathway perturbation in normal immortalized RPE1 epithelial cells to study cell-cycle/YAP mechanism, not as an NF2 disease model; no schwannoma/meningioma or NF2 patient context",Not specified,Other,medium,https://www.ncbi.nlm.nih.gov/geo/query/acc.cgi?acc=GSE313416
GSE316551,Effect of depleting or overexpressing NF1 in melanoma cell lines,human,12,sporadic_somatic_only,"somatic NF1 loss in sporadic melanoma, not germline NF disease",Not specified,Other,high,https://www.ncbi.nlm.nih.gov/geo/query/acc.cgi?acc=GSE316551
GSE317786,Satellite Glial Cells Control Sensory Neuron Excitability via the Release of Fibulin-2,mouse,4,not_nf_related,"No mention of neurofibromatosis; NF1/NF2 sample labels denote no-serum/serum replicate groups, not disease status",Not specified,Other,high,https://www.ncbi.nlm.nih.gov/geo/query/acc.cgi?acc=GSE317786
GSE319338,Distinct transcriptional and functional modules mediate resistance to targeted therapy in glioblastoma,human+mouse,13,sporadic_somatic_only,"Sporadic GBM xenograft (GBM43) with somatic NF1 mutation, not germline NF1 patient or engineered Nf1-deficient model",Not specified,High grade glioma,medium,https://www.ncbi.nlm.nih.gov/geo/query/acc.cgi?acc=GSE319338
GSE320266,Expression analysis in plasma sample from KRAS G12C–mutant patients monitoring during treatment with KRAS G12C inhibitors,human,62,not_nf_related,KRAS G12C-mutant NSCLC study; NF1/NF2 not applicable,Not specified,Other,high,https://www.ncbi.nlm.nih.gov/geo/query/acc.cgi?acc=GSE320266
GSE320268,Expression analysis of baseline tissue samples from KRAS G12C–mutant patients and longitudinal blood monitoring during treatment with KRAS G12C inhibitors,human,98,not_nf_related,KRAS G12C-mutant NSCLC study; KRAS is unrelated to neurofibromatosis NF1/NF2 genes,Not specified,Other,high,https://www.ncbi.nlm.nih.gov/geo/query/acc.cgi?acc=GSE320268
GSE322769,Electromagnetic exposure changes human Schwann cells motility and transcriptomic profile of hearing-loss related genes,human,5,not_nf_related,"no NF genotype or patient status; EMF exposure model of normal human Schwann cells, not NF-associated",Not specified,Vestibular schwannoma,high,https://www.ncbi.nlm.nih.gov/geo/query/acc.cgi?acc=GSE322769
GSE325901,Human malignant peripheral nerve sheath tumors have a molecular counterpart in canines,other,20,not_nf_related,spontaneous canine MPNST cohort; no NF1/NF2 germline or genotype status stated,Not specified,Malignant peripheral nerve sheath tumor (MPNST),high,https://www.ncbi.nlm.nih.gov/geo/query/acc.cgi?acc=GSE325901
GSE326763,Murine modeling of IDH-mutant 1p/19q-codeleted oligodendroglioma reveals genotype specific phenotypes,mouse,41,sporadic_somatic_only,"Nf1 loss is one of three engineered drivers (Nf1/Pten/Trp53) mimicking sporadic IDH-WT GBM; study's focus is IDH-mutant oligodendroglioma, not NF1 disease",Not specified,High grade glioma;Non-optic LGG,medium,https://www.ncbi.nlm.nih.gov/geo/query/acc.cgi?acc=GSE326763
GSE333892,Single-cell transcriptomic and organoid multi-omic profiling of NF1-regulated malignant progression in HPV-associated cervical epithelial lesions,human,64,sporadic_somatic_only,"NF1 loss engineered somatically in HPV-driven cervical cancer/organoid model, not germline NF disease",Not specified,Other,high,https://www.ncbi.nlm.nih.gov/geo/query/acc.cgi?acc=GSE333892
GSE334772,NF1 loss in estrogen receptor-positive breast cancer induces osteoclast formation and immunosuppression to promote bone metastasis,human,4,sporadic_somatic_only,"Engineered NF1 KO in MCF7 breast cancer cells; models NF1 as breast cancer tumor suppressor, not NF-associated disease",Not specified,Other,high,https://www.ncbi.nlm.nih.gov/geo/query/acc.cgi?acc=GSE334772
GSE335177,Genomic hallmarks of depot medroxyprogesterone acetate-associated meningiomas,human,20,not_nf_related,"sporadic DMPA-associated meningioma, no NF status indicated",Not specified,Meningioma,high,https://www.ncbi.nlm.nih.gov/geo/query/acc.cgi?acc=GSE335177
GSE335945,Blockage of Ca2+-permeable AMPA receptors suppresses proliferation of schwannoma cells,human,9,sporadic_somatic_only,YST-1/HS-PSS schwannoma lines not stated as NF2-patient derived; NF2-SWN mentioned only as general clinical context,Not specified,Non-vestibular schwannoma,medium,https://www.ncbi.nlm.nih.gov/geo/query/acc.cgi?acc=GSE335945
GSE3443,Molecular characterisation of soft tissue tumours: a gene expression study,human,46,not_nf_related,"sporadic soft-tissue tumors (leiomyosarcoma, MFH, liposarcoma, synovial sarcoma, GIST, schwannoma) with no germline/NF1/NF2 status indicated",Not specified,Other,high,https://www.ncbi.nlm.nih.gov/geo/query/acc.cgi?acc=GSE3443
GSE35852,"Transcriptomic profiling of formalin-fixed, paraffin-embedded human sarcoma specimens",human,23,sporadic_somatic_only,MPNST samples lack any indication of NF1 germline status; mixed sarcoma cohort with no NF mention,Not specified,Malignant peripheral nerve sheath tumor (MPNST),medium,https://www.ncbi.nlm.nih.gov/geo/query/acc.cgi?acc=GSE35852
GSE36144,Characterization of chemically induced malignant peripheral nerve sheath tumors (MPNSTs) in the rat by expression profiling,rat,19,not_nf_related,"Chemically (ENU) induced tumor model, no Nf1/Nf2 genotype or germline NF status stated",Not specified,Malignant peripheral nerve sheath tumor (MPNST),high,https://www.ncbi.nlm.nih.gov/geo/query/acc.cgi?acc=GSE36144
GSE36240,Nf1 deletion and recurrent copy number alterations in mammary tumorigenesis,mouse,7,sporadic_somatic_only,"Somatic Nf1 deletion in genomically unstable Chaos3 mammary tumors, not an engineered Nf1-deficient or germline NF model",Not specified,Other,high,https://www.ncbi.nlm.nih.gov/geo/query/acc.cgi?acc=GSE36240
GSE38693,c-JUN REPROGRAMS SCHWANN CELLS OF INJURED NERVES TO GENERATE A REPAIR CELL ESSENTIAL FOR REGENERATION,mouse,8,not_nf_related,"c-Jun conditional KO nerve injury model, not NF-related",Not specified,Other,high,https://www.ncbi.nlm.nih.gov/geo/query/acc.cgi?acc=GSE38693
GSE39645,Microarray Analysis in Vestibular Schwannomas,human,40,sporadic_somatic_only,"sporadic vestibular schwannoma with somatic NF2 mutation/LOH, no germline NF2 cohort stated",Not specified,Vestibular schwannoma,high,https://www.ncbi.nlm.nih.gov/geo/query/acc.cgi?acc=GSE39645
GSE40761,Upregulated Hedgehog Signaling Promotes Zebrafish CNS Tumorigenesis,zebrafish,8,not_nf_related,"Hedgehog pathway (smoothened) transgenic model, no NF1/NF2 involvement",Not specified,Optic pathway glioma,high,https://www.ncbi.nlm.nih.gov/geo/query/acc.cgi?acc=GSE40761
GSE41605,Decoding human cytomegalovirus using ribosome profiling,human,16,not_nf_related,"Study of HCMV virus translation, unrelated to neurofibromatosis",Not specified,Other,high,https://www.ncbi.nlm.nih.gov/geo/query/acc.cgi?acc=GSE41605
GSE42603,The data of differentially regulated exons from mouse testes - wild-type and Dazap1 mutant,mouse,6,not_nf_related,"NF1 mentioned only as example splicing-mutation gene bound by DAZAP1; study is Dazap1 mouse testis splicing, unrelated to NF disease",Not specified,,high,https://www.ncbi.nlm.nih.gov/geo/query/acc.cgi?acc=GSE42603
GSE44971,Gene expression data from pilocytic astrocytoma tumour samples and normal cerebellum controls,human,58,sporadic_somatic_only,"sporadic pediatric PA cohort defined by MAPK pathway alterations, no NF1 germline status given",Not specified,Non-optic LGG,high,https://www.ncbi.nlm.nih.gov/geo/query/acc.cgi?acc=GSE44971
GSE45874,Human non-GCIMP gioblastoma subtypes evolve from a common proneural-like precursor glioma,human+mouse,144,sporadic_somatic_only,"Nf1 knockdown/loss used as one of several engineered driver alterations to model sporadic GBM subtype evolution, not NF1 disease",Not specified,High grade glioma,high,https://www.ncbi.nlm.nih.gov/geo/query/acc.cgi?acc=GSE45874
GSE47911,Gene expression signatures in gastric gastrointestinal stromal tumors (GISTs),human,16,not_nf_related,sporadic GISTs with KIT/PDGFRA mutations or wild-type; no NF1 mention,Not specified,Gastrointestinal stromal tumor (GIST),high,https://www.ncbi.nlm.nih.gov/geo/query/acc.cgi?acc=GSE47911
GSE47913,Integrated array CGH and expression profiling revealed candidate biomarkers in gastrointestinal stromal turmor,human,48,not_nf_related,Sporadic GIST driven by somatic KIT/PDGFRA mutations; no NF1/NF2 germline or engineered genotype mentioned,Not specified,Gastrointestinal stromal tumor (GIST),high,https://www.ncbi.nlm.nih.gov/geo/query/acc.cgi?acc=GSE47913
GSE50208,Molecular-guided therapy predictions reveal drug resistance phenotypes and treatment alternatives in malignant peripheral nerve sheath tumors,human,8,sporadic_somatic_only,no stated germline NF1 status; only tumor/tissue type labels given,NF1,Malignant peripheral nerve sheath tumor (MPNST);Other,low,https://www.ncbi.nlm.nih.gov/geo/query/acc.cgi?acc=GSE50208
GSE52252,Gene expression profiling in sinonasal sarcoma,human,41,not_nf_related,Comparator neurofibroma/MPNST/schwannoma samples lack any stated germline NF1/NF2 status; study is about PAX3-MAML3 sinonasal sarcoma,Not specified,Malignant peripheral nerve sheath tumor (MPNST);Other,high,https://www.ncbi.nlm.nih.gov/geo/query/acc.cgi?acc=GSE52252
GSE52323,Novel PAX3-MAML3 Fusion in Biphenotypic Sinonasal Sarcoma,human,42,not_nf_related,diagnostic comparator panel; no NF1/NF2 germline or engineered status stated,Not specified,Malignant peripheral nerve sheath tumor (MPNST);Non-vestibular schwannoma;Other,high,https://www.ncbi.nlm.nih.gov/geo/query/acc.cgi?acc=GSE52323
GSE52390,Integrative DNA methylation and gene expression analysis in high-grade soft tissue sarcomas [gene expression],human,94,not_nf_related,"sporadic soft tissue sarcoma cohort, no NF status stated",Not specified,Other,high,https://www.ncbi.nlm.nih.gov/geo/query/acc.cgi?acc=GSE52390
GSE52392,Integrative DNA methylation and gene expression analysis in high-grade soft tissue sarcomas,human,190,not_nf_related,"sporadic soft tissue sarcomas, no NF association",Not specified,Other,high,https://www.ncbi.nlm.nih.gov/geo/query/acc.cgi?acc=GSE52392
GSE53493,Gene expression signature regulated by cell density and Merlin/NF2 knockdown in HMLE cells,human,10,not_nf_related,"NF2 siRNA knockdown used as Hippo/contact-inhibition pathway tool in immortalized mammary epithelial line, not a disease model or NF patient material",NF2-SWN,Other,medium,https://www.ncbi.nlm.nih.gov/geo/query/acc.cgi?acc=GSE53493
GSE53494,Growth inhibition by Merlin expression correlates with a cross-tissue transcriptional signature,human,24,sporadic_somatic_only,"sporadic cancer cell lines with somatic NF2 mutation, not NF2-related schwannomatosis patients",Not specified,Meningioma,high,https://www.ncbi.nlm.nih.gov/geo/query/acc.cgi?acc=GSE53494
GSE53501,Transcriptional control by Merlin of contact inhibition and tissue homeostasis,human,34,sporadic_somatic_only,"NF2 manipulated as tumor suppressor in sporadic cancer cell lines (breast, meningioma, thyroid, renal), no germline NF status",Not specified,Meningioma,high,https://www.ncbi.nlm.nih.gov/geo/query/acc.cgi?acc=GSE53501
GSE54934,"Global expression profile in a combined study in low grade meningiomas and schwannomas shows upregulation in PDGF, CDH1, SLIT2 and MET.",human,65,sporadic_somatic_only,"sporadic meningiomas/schwannomas with somatic NF2 mutation, no per-patient NF2 germline status stated",NF2-SWN,Meningioma;Non-vestibular schwannoma,medium,https://www.ncbi.nlm.nih.gov/geo/query/acc.cgi?acc=GSE54934
GSE56157,Merlin/NF2-loss Driven Tumorigenesis Linked to CRL4(DCAF1)-Mediated Inhibition of the Hippo Pathway Components Lats1 and 2,human,15,sporadic_somatic_only,"Meso-33 is an NF2-mutant mesothelioma cell line reflecting somatic NF2 loss, not a germline NF2-SWN patient sample or engineered Nf2-deficient model",Not specified,Other,high,https://www.ncbi.nlm.nih.gov/geo/query/acc.cgi?acc=GSE56157
GSE56597,Wide methylation analysis in vestibular schwannoma [Affymetrix exon level analysis],human,44,sporadic_somatic_only,no per-sample indication of NF2 germline status; sporadic VS cohort,Not specified,Vestibular schwannoma;Non-vestibular schwannoma,medium,https://www.ncbi.nlm.nih.gov/geo/query/acc.cgi?acc=GSE56597
GSE5666,Hippocampal pathways in cognitive impairment,rat,78,not_nf_related,"Aging/cognitive impairment study in rats, no NF1/NF2/schwannomatosis relevance",Not specified,Other,high,https://www.ncbi.nlm.nih.gov/geo/query/acc.cgi?acc=GSE5666
GSE58037,"Genomic analysis of non-NF2 meningiomas reveals mutations in TRAF7, KLF4, AKT1, and SMO.",human,114,sporadic_somatic_only,"sporadic meningiomas with somatic mutations; NF2-mutant subset is somatic chr22/NF2 loss, not germline NF2 patients",Not specified,Meningioma,high,https://www.ncbi.nlm.nih.gov/geo/query/acc.cgi?acc=GSE58037
GSE6481,Gene Expression Analysis of Soft Tissue Sarcomas: Characterization & Reclassification of Malignant Fibrous Histiocytoma,human,105,not_nf_related,Generic sarcoma classification cohort; 3 MPNST samples have no stated NF1/NF2 germline or genotype status,Not specified,Malignant peripheral nerve sheath tumor (MPNST),high,https://www.ncbi.nlm.nih.gov/geo/query/acc.cgi?acc=GSE6481
GSE64965,Expression profile of osteosarcoma cells in which Sox2 maintains cancer stem cells,mouse,6,not_nf_related,"NF2 (Merlin) is a Hippo pathway gene studied as a Sox2 target in sporadic osteosarcoma, not NF2-related disease",Not specified,Other,high,https://www.ncbi.nlm.nih.gov/geo/query/acc.cgi?acc=GSE64965
GSE66401,Expression data for melanoma cell lines with different resistance to SBI-0640756,human,14,not_nf_related,"sporadic melanoma cell lines; NF1 mentioned only as one of several mutated genes in BRAF-WT melanoma subset, not patient NF status",Not specified,Other,high,https://www.ncbi.nlm.nih.gov/geo/query/acc.cgi?acc=GSE66401
GSE67066,Expression data from benign and malignant pheochromocytomas and paragangliomas,human,51,mixed_nf_and_sporadic,"cohort stratified by tumor genetics (RET/SDHD/VHL/HIF2A/sporadic); only 2/51 samples NF1, not an NF-focused study",NF1,Other,medium,https://www.ncbi.nlm.nih.gov/geo/query/acc.cgi?acc=GSE67066
GSE67164,A genome-wide CRISPR screen in primary immune cells to dissect regulatory networks,mouse,632,not_nf_related,No NF-associated disease context; unrelated CRISPR screen in mouse dendritic cells,Not specified,Other,high,https://www.ncbi.nlm.nih.gov/geo/query/acc.cgi?acc=GSE67164
GSE68015,Identification of targets for rational pharmacological therapy in childhood craniopharyngioma,human,112,not_nf_related,"craniopharyngioma and other pediatric brain tumors, no NF1/NF2 germline or genotype mention",Not specified,Other,high,https://www.ncbi.nlm.nih.gov/geo/query/acc.cgi?acc=GSE68015
GSE68591,Exon expression for NCI Sarcoma cell line panel,human,75,not_nf_related,"generic sarcoma cell line panel, no NF-associated cell lines or genotypes",Not specified,Other,high,https://www.ncbi.nlm.nih.gov/geo/query/acc.cgi?acc=GSE68591
GSE69524,NCI Sarcoma Cell Line Panel,human,152,not_nf_related,General sarcoma cell line panel; no NF-associated cell lines or genotypes indicated,Not specified,Other,high,https://www.ncbi.nlm.nih.gov/geo/query/acc.cgi?acc=GSE69524
GSE71879,Comparing gene expression profiles of pigmented and amelanotic (MPNST-like) melanomas arising in the genetically engineered BRAF(V600E)-Cdk4(R24C) mouse melanoma model,mouse,10,not_nf_related,"BRAF/CDK4-driven melanoma model, not NF1/NF2/schwannomatosis; 'MPNST-like' is a morphological descriptor not NF-related lineage",Not specified,Other,high,https://www.ncbi.nlm.nih.gov/geo/query/acc.cgi?acc=GSE71879
GSE80082,Integrin signaling regulates YAP/TAZ to control skin homeostasis,human,16,not_nf_related,NF2 mentioned only as alternate gene name for Merlin/Hippo pathway; no NF disease context,Not specified,,high,https://www.ncbi.nlm.nih.gov/geo/query/acc.cgi?acc=GSE80082
GSE80337,"Genome wide gene-expression analysis of the spider mite Tetranychus urticae after transfer from their common host (bean) to either cotton, maize or soy",other,11,not_nf_related,Not human/NF disease - spider mite host-plant adaptation study,Not specified,Other,high,https://www.ncbi.nlm.nih.gov/geo/query/acc.cgi?acc=GSE80337
GSE81145,The Somatic Landscape of Schwannoma,human,6,not_nf_related,"sporadic fusion-driven schwannoma model, no NF1/NF2 germline or engineered genotype",Not specified,Other,high,https://www.ncbi.nlm.nih.gov/geo/query/acc.cgi?acc=GSE81145
GSE84263,Recurrent somatic mutations in POLR2A define a distinct subset of meningiomas [array],human,121,sporadic_somatic_only,"sporadic meningiomas with somatic NF2/chr22 loss among multiple mutation subgroups, not germline NF",Not specified,Meningioma,high,https://www.ncbi.nlm.nih.gov/geo/query/acc.cgi?acc=GSE84263
GSE85033,A machine learning classifier trained on cancer transcriptomes detects NF1 inactivation signal in glioblastoma,human,12,sporadic_somatic_only,"sporadic GBM with somatic NF1 loss, not germline NF1 patients",Not specified,High grade glioma,high,https://www.ncbi.nlm.nih.gov/geo/query/acc.cgi?acc=GSE85033
GSE85133,Recurrent somatic mutations in POLR2A define a distinct subset of meningiomas [RNA-seq],human,19,sporadic_somatic_only,"sporadic meningioma with somatic NF2/chr22 loss, not germline NF2 disease",Not specified,Meningioma,high,https://www.ncbi.nlm.nih.gov/geo/query/acc.cgi?acc=GSE85133
GSE85135,Recurrent somatic mutations in POLR2A define a distinct subset of meningiomas,human,184,sporadic_somatic_only,"sporadic meningioma with somatic NF2/Chr22 loss among other mutation subgroups, not germline NF2-SWN",Not specified,Meningioma,high,https://www.ncbi.nlm.nih.gov/geo/query/acc.cgi?acc=GSE85135
GSE85271,KANK1 inhibits cell growth by inducing apoptosis though regulating CXXC5 in human malignant peripheral nerve sheath tumors,human,6,sporadic_somatic_only,"STS26T is a sporadic MPNST cell line, not NF1-patient derived",Not specified,Malignant peripheral nerve sheath tumor (MPNST),medium,https://www.ncbi.nlm.nih.gov/geo/query/acc.cgi?acc=GSE85271
GSE99040,Reprogramming of Schwann Cells by LATS1/2-TAZ/YAP Signaling Drives Malignant Peripheral Nerve Sheath Tumorigenesis,mouse,16,not_nf_related,"engineered genotype is Lats1/Lats2 (Hippo pathway), not Nf1/Nf2/Smarcb1/Lztr1",Not specified,Malignant peripheral nerve sheath tumor (MPNST),high,https://www.ncbi.nlm.nih.gov/geo/query/acc.cgi?acc=GSE99040
