rank,pmid,pdf_status,pdf_filename,rows_anchored_by_pdf,unanchored_rows_remaining,in_thin_manifestation,sole_support_rows,score,is_preprint,year,manifestations,targets,title,europepmc_url,pmc_url,publisher_url,has_pmc_record
1,41288319,still needed,,0,3,3,2,9,False,2025,Gastrointestinal stromal tumor (GIST),MDM2;MYC;NF1,NF1 Mutated Gastrointestinal Stromal Tumors With Coamplification of MDM2 and MYC.,https://europepmc.org/article/MED/41288319,,https://doi.org/10.1002/gcc.70096,False
2,30306639,still needed,,0,6,0,6,6,False,2018,Other,BDNF;CDKN2A;EED;GDNF;NRG1;SHH,Polycomb repression regulates Schwann cell proliferation and axon regeneration after ,https://europepmc.org/article/MED/30306639,https://www.ncbi.nlm.nih.gov/pmc/articles/PMC6289291/,https://doi.org/10.1002/glia.23500,True
3,28735458,still needed,,0,6,0,5,6,False,2017,Non-vestibular schwannoma,ABL1;EGFR;KIT;MTOR;PDGFRA;VEGFA,The efficacy of lapatinib and nilotinib in combination with radiation therapy in a mo,https://europepmc.org/article/MED/28735458,,https://doi.org/10.1007/s11060-017-2567-9,False
4,25917340,still needed,,0,3,1,2,5,False,2015,Bone defects;High grade glioma;Optic pathway glioma,RAS (pan),Treatment of neurofibromatosis type 1.,https://europepmc.org/article/MED/25917340,,https://doi.org/10.1007/s11940-015-0355-4,False
5,31425178,still needed,,0,3,1,3,5,False,2019,Cardiovascular issues;Vestibular schwannoma,BEVACIZUMAB;NF2;SMARCB1,Neurofibromatosis type 2 and related disorders.,https://europepmc.org/article/MED/31425178,,https://doi.org/10.1097/CCO.0000000000000579,False
6,32564155,still needed,,0,3,1,3,5,False,2020,Bone defects;Pain;Plexiform neurofibroma,RAS pathway,Spinal manifestations of Neurofibromatosis type 1.,https://europepmc.org/article/MED/32564155,,https://doi.org/10.1007/s00381-020-04754-9,False
7,37584733,still needed,,0,3,1,3,5,False,2023,Cutaneous neurofibroma;Hematologic malignancies;Plexiform ne,EVI2B,Assessment of Ecotropic Viral Integration Site 2B (EVI2B) Gene in Juvenile Myelomonoc,https://europepmc.org/article/MED/37584733,,https://doi.org/10.1007/s10528-023-10480-z,False
8,41250253,still needed,,0,2,1,1,4,False,2025,Ependymoma;Meningioma,VEGFA,The Association Between Age and Outcomes of Bevacizumab Treatment in NF2-Related Schw,https://europepmc.org/article/MED/41250253,,https://doi.org/10.1097/MAO.0000000000004759,False
9,32927517,still needed,,0,1,1,0,3,False,2020,Gastrointestinal stromal tumor (GIST),NF1,[Characteristics and targeted therapy of wild-type gastrointestinal stromal tumor].,https://europepmc.org/article/MED/32927517,,https://doi.org/10.3760/cma.j.cn.441530-20200614-00356,False
10,40766628,still needed,,0,1,1,1,3,True,2025,Cognition / Behavioral / Learning,PI3K-AKT-MTOR axis,Metabolic and behavioral effects of neurofibromin result from differential recruitmen,https://europepmc.org/article/MED/40766628,https://www.ncbi.nlm.nih.gov/pmc/articles/PMC12324403/,https://doi.org/10.1101/2025.07.25.666841,True
11,35282706,still needed,,0,1,1,1,3,False,2022,Gastrointestinal stromal tumor (GIST),MAP2K1/2 (MEK1/2),Neurofibromatosis-associated Gastrointestinal Stromal Tumor Causing Small Bowel Obstr,https://europepmc.org/article/MED/35282706,,https://doi.org/10.1177/00031348221083934,False
12,42482124,still needed,,0,3,0,3,3,False,2026,Optic pathway glioma,CSF1R;Cholesterol biosynthesis;Oligodendrocyte differentiati,Carboplatin induces optic nerve oligodendrocyte loss and impairs myelin sheath micros,https://europepmc.org/article/MED/42482124,,https://doi.org/10.1093/neuonc/noag163,False
13,20043105,still needed,,0,1,1,0,3,False,2010,Gastrointestinal stromal tumor (GIST),NF1,Gastrointestinal stromal tumor and other primary metachronous or synchronous neoplasm,https://europepmc.org/article/MED/20043105,,https://pubmed.ncbi.nlm.nih.gov/20043105/,False
14,17573495,still needed,,0,1,1,1,3,False,2007,Pulmonary disease,NF1,Is pulmonary arterial hypertension in neurofibromatosis type 1 secondary to a plexoge,https://europepmc.org/article/MED/17573495,,https://doi.org/10.1378/chest.06-3017,False
15,31197610,still needed,,0,3,0,2,3,False,2019,Malignant peripheral nerve sheath tumor (MPNST),FAIM2;MIR-612;NFKB1,NFKB1-miR-612-FAIM2 pathway regulates tumorigenesis in neurofibromatosis type 1.,https://europepmc.org/article/MED/31197610,,https://doi.org/10.1007/s11626-019-00370-3,False
16,23875798,still needed,,0,2,0,2,2,False,2013,Other,MAPK pathway;RAS/MAPK pathway,The RASopathies.,https://europepmc.org/article/MED/23875798,https://www.ncbi.nlm.nih.gov/pmc/articles/PMC4115674/,https://doi.org/10.1146/annurev-genom-091212-153523,True
17,38127282,still needed,,0,2,0,2,2,False,2024,Malignant peripheral nerve sheath tumor (MPNST);Plexiform ne,BIRC5;CENPF,Spatial Gene-Expression Profiling Unveils Immuno-oncogenic Programs of NF1-Associated,https://europepmc.org/article/MED/38127282,https://www.ncbi.nlm.nih.gov/pmc/articles/PMC11095977/,https://doi.org/10.1158/1078-0432.CCR-23-2548,True
18,30348677,still needed,,0,2,0,2,2,False,2018,Cutaneous neurofibroma;Plexiform neurofibroma,YAP1-TEAD,Spatiotemporal Loss ofin Schwann Cell Lineage Leads to Different Types of Cutaneous N,https://europepmc.org/article/MED/30348677,https://www.ncbi.nlm.nih.gov/pmc/articles/PMC6328325/,https://doi.org/10.1158/2159-8290.CD-18-0151,True
19,27269372,still needed,,0,2,0,2,2,False,2016,Other,HRAS;KRAS,Contextual signaling in cancer.,https://europepmc.org/article/MED/27269372,https://www.ncbi.nlm.nih.gov/pmc/articles/PMC5028257/,https://doi.org/10.1016/j.semcdb.2016.06.002,True
20,28314790,still needed,,0,2,0,1,2,False,2017,Malignant peripheral nerve sheath tumor (MPNST),NFKB1;XPO1,Selinexor (KPT-330) Induces Tumor Suppression through Nuclear Sequestration of IκB an,https://europepmc.org/article/MED/28314790,,https://doi.org/10.1158/1078-0432.CCR-16-2632,False
21,40434540,still needed,,0,2,0,0,2,False,2025,Meningioma;Non-vestibular schwannoma,VEGFA,Effect of bevacizumab on non-target intracranial meningiomas and non-vestibular schwa,https://europepmc.org/article/MED/40434540,,https://doi.org/10.1007/s11060-025-05020-1,False
22,25012485,still needed,,0,2,0,2,2,False,2014,Meningioma,CIP2A;PP2A,"CIP2A and PP2A in human leptomeninges, arachnoid granulations and meningiomas.",https://europepmc.org/article/MED/25012485,,https://doi.org/10.1016/j.jocn.2014.05.019,False
23,21987445,still needed,,0,2,0,2,2,False,2011,ANNUBP / atypical neurofibroma;Malignant peripheral nerve sh,CDKN2B,Atypical neurofibromas in neurofibromatosis type 1 are premalignant tumors.,https://europepmc.org/article/MED/21987445,,https://doi.org/10.1002/gcc.20921,False
24,37937606,still needed,,0,1,0,1,1,False,2023,Other,NF2,Gene-targeted therapy for neurofibromatosis and schwannomatosis: The path to clinical,https://europepmc.org/article/MED/37937606,,https://doi.org/10.1177/17407745231207970,False
25,32816910,still needed,,0,1,0,1,1,False,2020,Plexiform neurofibroma,CDKN2A,Loss in a Model of Neurofibroma Demonstrates Stepwise Tumor Progression to Atypical N,https://europepmc.org/article/MED/32816910,https://www.ncbi.nlm.nih.gov/pmc/articles/PMC7968129/,https://doi.org/10.1158/0008-5472.CAN-19-1429,True
26,31246731,still needed,,0,1,0,1,1,False,2019,Pain,DPYSL2,Assessment of nociception and related quality-of-life measures in a porcine model of ,https://europepmc.org/article/MED/31246731,https://www.ncbi.nlm.nih.gov/pmc/articles/PMC6800626/,https://doi.org/10.1097/j.pain.0000000000001648,True
27,29655575,still needed,,0,1,0,1,1,False,2018,Pain,SCN9A,CRMP2-Neurofibromin Interface Drives NF1-related Pain.,https://europepmc.org/article/MED/29655575,https://www.ncbi.nlm.nih.gov/pmc/articles/PMC5963520/,https://doi.org/10.1016/j.neuroscience.2018.04.002,True
28,29681099,still needed,,0,1,0,1,1,False,2018,Other,SPRED1,"2016 Children's Tumor Foundation conference on neurofibromatosis type 1, neurofibroma",https://europepmc.org/article/MED/29681099,https://www.ncbi.nlm.nih.gov/pmc/articles/PMC5918269/,https://doi.org/10.1002/ajmg.a.38675,True
29,28551330,still needed,,0,1,0,0,1,False,2017,ANNUBP / atypical neurofibroma,TP53,Histopathologic evaluation of atypical neurofibromatous tumors and their transformati,https://europepmc.org/article/MED/28551330,https://www.ncbi.nlm.nih.gov/pmc/articles/PMC5628119/,https://doi.org/10.1016/j.humpath.2017.05.010,True
30,42135588,still needed,,0,1,0,0,1,False,2026,ANNUBP / atypical neurofibroma,TP53,Atypical Neurofibromatous Neoplasms of Uncertain Biological Potential in Children wit,https://europepmc.org/article/MED/42135588,,https://doi.org/10.1177/10668969261438511,False
31,40400261,still needed,,0,1,0,1,1,False,2025,Optic pathway glioma,IGF1,Increased insulin-like growth factor-1 concentrations in paediatric suprasellar low-g,https://europepmc.org/article/MED/40400261,,https://doi.org/10.1093/ejendo/lvaf095,False
32,39988022,still needed,,0,1,0,1,1,False,2025,Vestibular schwannoma,PTK2 (FAK),Single-cell RNA sequencing reveals ECM remodeling-tumor stiffness-FAK as a key driver,https://europepmc.org/article/MED/39988022,,https://doi.org/10.1016/j.pneurobio.2025.102730,False
33,39140257,still needed,,0,1,0,1,1,False,2024,Cutaneous neurofibroma,LZTR1,Heterozygosity for loss-of-function variants in LZTR1 is associated with isolated mul,https://europepmc.org/article/MED/39140257,,https://doi.org/10.1016/j.gim.2024.101241,False
34,39647233,still needed,,0,1,0,1,1,False,2024,Vestibular schwannoma,CDKN1A,Uncovering cellular senescence as a therapeutic target in NF2-related vestibular schw,https://europepmc.org/article/MED/39647233,,https://doi.org/10.1016/j.heares.2024.109165,False
35,12432832,still needed,,0,1,0,0,1,False,2002,Optic pathway glioma,RAS (pan),Neurofibromatosis 1.,https://europepmc.org/article/MED/12432832,,https://doi.org/10.1016/s0733-8619(01)00019-6,False
36,37401302,still needed,,0,1,0,1,1,False,2023,Optic pathway glioma,NGF,Neurofibromatosis type 1-associated optic pathway gliomas: pathogenesis and emerging ,https://europepmc.org/article/MED/37401302,,https://doi.org/10.26355/eurrev_202306_32804,False
37,35419473,still needed,,0,1,0,1,1,False,2021,Optic pathway glioma,MAPK1/3 (ERK1/2),A therapeutic window for preventive therapy in NF1-associated optic pathway glioma.,https://europepmc.org/article/MED/35419473,https://www.ncbi.nlm.nih.gov/pmc/articles/PMC8997259/,https://doi.org/10.1080/23723556.2021.1989262,True
38,34283254,still needed,,0,1,0,1,1,False,2021,Malignant peripheral nerve sheath tumor (MPNST),DLX5,Enhancer reprogramming in PRC2-deficient malignant peripheral nerve sheath tumors ind,https://europepmc.org/article/MED/34283254,,https://doi.org/10.1007/s00401-021-02341-z,False
39,32470937,still needed,,0,1,0,1,1,False,2020,Vestibular schwannoma,FLT1,The microenvironment in sporadic and neurofibromatosis type II-related vestibular sch,https://europepmc.org/article/MED/32470937,,https://doi.org/10.3171/2020.3.JNS193230,False
40,33109559,still needed,,0,1,0,1,1,False,2020,Malignant peripheral nerve sheath tumor (MPNST),MN1,Frequent MN1 Gene Mutations in Malignant Peripheral Nerve Sheath Tumor.,https://europepmc.org/article/MED/33109559,,https://doi.org/10.21873/anticanres.14642,False
41,32111496,still needed,,0,1,0,1,1,False,2020,Plexiform neurofibroma,PI3K/AKT/GSK3β,Infiltrating Macrophages Induced Stem-cell-like Features Through PI3K/AKT/GSK3β Signa,https://europepmc.org/article/MED/32111496,,https://doi.org/10.1016/j.arcmed.2019.12.018,False
42,32441531,still needed,,0,1,0,1,1,False,2020,Meningioma,FGFRS,"Effect of Dovitinib (TKI258), a Multi-Target Angiokinase Inhibitor on Aggressive Meni",https://europepmc.org/article/MED/32441531,,https://doi.org/10.1080/07357907.2020.1773844,False
43,29596064,still needed,,0,1,0,1,1,False,2018,Plexiform neurofibroma,SCF,Contributions of inflammation and tumor microenvironment to neurofibroma tumorigenesi,https://europepmc.org/article/MED/29596064,https://www.ncbi.nlm.nih.gov/pmc/articles/PMC6025974/,https://doi.org/10.1172/JCI99424,True
44,30145722,still needed,,0,1,0,1,1,False,2018,Vestibular schwannoma,HYALURONAN,Cerebrospinal Fluid Hyaluronan and Neurofibromatosis Type 2.,https://europepmc.org/article/MED/30145722,https://www.ncbi.nlm.nih.gov/pmc/articles/PMC6250613/,https://doi.org/10.1007/s12307-018-0216-2,True
45,28124441,still needed,,0,1,0,1,1,False,2017,Malignant peripheral nerve sheath tumor (MPNST),KDM2B,Confirmation of mutation landscape of NF1-associated malignant peripheral nerve sheat,https://europepmc.org/article/MED/28124441,,https://doi.org/10.1002/gcc.22446,False
46,41293003,still needed,,0,1,0,1,1,True,2025,Vestibular schwannoma,TEAD1,Variable Schwann cell merlin inactivation is targetable with TEAD1 inhibition in schw,https://europepmc.org/article/MED/41293003,https://www.ncbi.nlm.nih.gov/pmc/articles/PMC12642662/,https://doi.org/10.1101/2025.11.15.688608,True
,24370551,"PDF supplied, full text already in hand",li-et-al-2013-neurofibromin-deficient-myeloid-cells-are-critical-mediators-of-aneurysm-formation-in-vivo.pdf,0,0,0,0,0,False,2013,,,Neurofibromin-deficient myeloid cells are critical mediators of aneurysm formation in,https://europepmc.org/article/MED/24370551,https://www.ncbi.nlm.nih.gov/pmc/articles/PMC3960343/,https://doi.org/10.1161/CIRCULATIONAHA.113.006320,True
,25534823,"PDF supplied, full text already in hand",nou329.pdf,0,0,0,0,0,False,2014,,,Akt- or MEK-mediated mTOR inhibition suppresses Nf1 optic glioma growth.,https://europepmc.org/article/MED/25534823,https://www.ncbi.nlm.nih.gov/pmc/articles/PMC4483119/,https://doi.org/10.1093/neuonc/nou329,True
,29982664,"PDF supplied, full text already in hand",noy046.pdf,0,0,0,0,0,False,2018,,,EPH receptor signaling as a novel therapeutic target in NF2-deficient meningioma.,https://europepmc.org/article/MED/29982664,https://www.ncbi.nlm.nih.gov/pmc/articles/PMC6071664/,https://doi.org/10.1093/neuonc/noy046,True
,29948766,"PDF supplied, full text already in hand",nihms974086.pdf,0,0,0,0,0,False,2018,,,Effect of lapatinib on meningioma growth in adults with neurofibromatosis type 2.,https://europepmc.org/article/MED/29948766,https://www.ncbi.nlm.nih.gov/pmc/articles/PMC6126973/,https://doi.org/10.1007/s11060-018-2922-5,True
,33442015,"PDF supplied, full text already in hand",nihms-1705876.pdf,0,0,0,0,0,False,2021,,,Cabozantinib for neurofibromatosis type 1-related plexiform neurofibromas: a phase 2 ,https://europepmc.org/article/MED/33442015,https://www.ncbi.nlm.nih.gov/pmc/articles/PMC8275010/,https://doi.org/10.1038/s41591-020-01193-6,True
,37086345,"PDF supplied, full text already in hand",13402_2023_Article_819.pdf,0,0,0,0,0,False,2023,,,RRM2 as a novel prognostic and therapeutic target of NF1-associated MPNST.,https://europepmc.org/article/MED/37086345,https://www.ncbi.nlm.nih.gov/pmc/articles/PMC12974627/,https://doi.org/10.1007/s13402-023-00819-4,True
,38924432,"PDF supplied, full text already in hand",nihms-2013236.pdf,0,0,0,0,0,False,2024,,,MEK-SHP2 inhibition prevents tibial pseudarthrosis caused byloss in Schwann cells and,https://europepmc.org/article/MED/38924432,https://www.ncbi.nlm.nih.gov/pmc/articles/PMC12093263/,https://doi.org/10.1126/scitranslmed.adj1597,True
,40241281,"PDF supplied, full text already in hand",noaf065.pdf,0,0,0,0,0,False,2025,,,A phase 2 PBTC study of selumetinib for recurrent/progressive pediatric low-grade gli,https://europepmc.org/article/MED/40241281,https://www.ncbi.nlm.nih.gov/pmc/articles/PMC12526141/,https://doi.org/10.1093/neuonc/noaf065,True
,20511180,judged from your PDF,noq012.pdf,4,0,0,0,0,False,2010,,,ErbB/HER receptor activation and preclinical efficacy of lapatinib in vestibular schw,https://europepmc.org/article/MED/20511180,https://www.ncbi.nlm.nih.gov/pmc/articles/PMC2940674/,https://doi.org/10.1093/neuonc/noq012,True
,20043723,judged from your PDF,neurosurg-focus-article-pE8.pdf,4,0,0,0,0,False,2010,,,Neurofibromatosis Type 1 and tumorigenesis: molecular mechanisms and therapeutic impl,https://europepmc.org/article/MED/20043723,,https://doi.org/10.3171/2009.11.FOCUS09221,False
,22821631,judged from your PDF,12307_2012_Article_115.pdf,2,0,0,0,0,False,2012,,,The plexiform neurofibroma microenvironment.,https://europepmc.org/article/MED/22821631,https://www.ncbi.nlm.nih.gov/pmc/articles/PMC3460056/,https://doi.org/10.1007/s12307-012-0115-x,True
,24470531,judged from your PDF,oncolo_19_2_193.pdf,4,0,0,0,0,False,2014,,,Malignant peripheral nerve sheath tumors.,https://europepmc.org/article/MED/24470531,https://www.ncbi.nlm.nih.gov/pmc/articles/PMC3926794/,https://doi.org/10.1634/theoncologist.2013-0328,True
,29441367,judged from your PDF,tgh-03-2.pdf,1,0,0,0,0,False,2018,,,Molecular characterization and pathogenesis of gastrointestinal stromal tumor.,https://europepmc.org/article/MED/29441367,https://www.ncbi.nlm.nih.gov/pmc/articles/PMC5803009/,https://doi.org/10.21037/tgh.2018.01.02,True
,29925695,judged from your PDF,JCI Insight - A porcine model of neurofibromatosis type 1 that mimics the human disease.pdf,5,0,0,0,0,False,2018,,,A porcine model of neurofibromatosis type 1 that mimics the human disease.,https://europepmc.org/article/MED/29925695,https://www.ncbi.nlm.nih.gov/pmc/articles/PMC6124439/,https://doi.org/10.1172/jci.insight.120402,True
,30728335,judged from your PDF,JCI Insight - Cxcr3-expressing leukocytes are necessary for neurofibroma formation in mice.pdf,2,0,0,0,0,False,2019,,,Cxcr3-expressing leukocytes are necessary for neurofibroma formation in mice.,https://europepmc.org/article/MED/30728335,https://www.ncbi.nlm.nih.gov/pmc/articles/PMC6413799/,https://doi.org/10.1172/jci.insight.98601,True
,31059067,judged from your PDF,ijo_55_1_157_PDF.pdf,2,0,0,0,0,False,2019,,,Activated androgen receptor accelerates angiogenesis in cutaneous neurofibroma by reg,https://europepmc.org/article/MED/31059067,,https://doi.org/10.3892/ijo.2019.4797,False
,32266095,judged from your PDF,ajcr0010-0856.pdf,2,0,0,0,0,False,2020,,,Polo-like kinase 1 as a therapeutic target for malignant peripheral nerve sheath tumo,https://europepmc.org/article/MED/32266095,https://www.ncbi.nlm.nih.gov/pmc/articles/PMC7136923/,https://pubmed.ncbi.nlm.nih.gov/32266095/,True
,32323813,judged from your PDF,or_43_4_1319_PDF.pdf,5,0,0,0,0,False,2020,,,Cutaneous neurofibroma cells with active YAP promotes proliferation of macrophages re,https://europepmc.org/article/MED/32323813,,https://doi.org/10.3892/or.2020.7513,False
,33588442,judged from your PDF,diagnostic-pathology-of-tumors-of-peripheral-nerve.pdf,1,0,0,0,0,False,2021,,,Diagnostic Pathology of Tumors of Peripheral Nerve.,https://europepmc.org/article/MED/33588442,https://www.ncbi.nlm.nih.gov/pmc/articles/PMC7884141/,https://doi.org/10.1093/neuros/nyab021,True
,34453890,judged from your PDF,PIIS1097276521006249.pdf,3,0,0,0,0,False,2021,,,Induced phase separation of mutant NF2 imprisons the cGAS-STING machinery to abrogate,https://europepmc.org/article/MED/34453890,,https://doi.org/10.1016/j.molcel.2021.07.040,False
,33108355,judged from your PDF,139807.3-20251015090117-covered-4fa089109ce452e764bbb8648b44a723.pdf,2,0,0,0,0,False,2021,,,Humanized neurofibroma model from induced pluripotent stem cells delineates tumor pat,https://europepmc.org/article/MED/33108355,https://www.ncbi.nlm.nih.gov/pmc/articles/PMC7773354/,https://doi.org/10.1172/JCI139807,True
,33831431,judged from your PDF,PIIS0022202X21011325.pdf,2,0,0,0,0,False,2021,,,Genomic Landscape of Malignant Peripheral Nerve Sheath Tumor‒Like Melanoma.,https://europepmc.org/article/MED/33831431,,https://doi.org/10.1016/j.jid.2021.03.016,False
,35261809,judged from your PDF,ajcr0012-0873.pdf,3,0,0,0,0,False,2022,,,A novel HDAC11 inhibitor potentiates the tumoricidal effects of cordycepin against ma,https://europepmc.org/article/MED/35261809,https://www.ncbi.nlm.nih.gov/pmc/articles/PMC8899988/,https://pubmed.ncbi.nlm.nih.gov/35261809/,True
,35788692,judged from your PDF,noac165.pdf,1,0,0,0,0,False,2022,,,MEK inhibitors for neurofibromatosis type 1 manifestations: Clinical evidence and con,https://europepmc.org/article/MED/35788692,https://www.ncbi.nlm.nih.gov/pmc/articles/PMC9629420/,https://doi.org/10.1093/neuonc/noac165,True
,39094827,judged from your PDF,1-s2.0-S0304383524005469-main.pdf,2,0,0,0,0,False,2024,,,Reduced PTPRS expression promotes epithelial-mesenchymal transition of Schwann cells ,https://europepmc.org/article/MED/39094827,,https://doi.org/10.1016/j.canlet.2024.217151,False
,39483902,judged from your PDF,v1_covered_3ef97a7d-3f92-4ae4-bfad-29841e284368.pdf,2,0,0,0,0,True,2024,,,Targeting the Galectin-1/Ras Interaction for Treating Malignant Peripheral Nerve Shea,https://europepmc.org/article/MED/39483902,https://www.ncbi.nlm.nih.gov/pmc/articles/PMC11527268/,https://doi.org/10.21203/rs.3.rs-5263500/v1,True
,42620117,judged from your PDF,2026.08.05.743013v1.full.pdf,2,0,0,0,0,True,2026,,,YAP-TEAD-driven CPA4 promotes NF2-deficient meningioma growth.,https://europepmc.org/article/MED/42620117,https://www.ncbi.nlm.nih.gov/pmc/articles/PMC13484691/,https://doi.org/10.64898/2026.08.05.743013,True
,41959302,judged from your PDF,2026.03.09.710638v1.full.pdf,4,0,0,0,0,True,2026,,,PRMT5 is Frequently Upregulated and a Potential Therapeutic Target in MTAP-deficient ,https://europepmc.org/article/MED/41959302,https://www.ncbi.nlm.nih.gov/pmc/articles/PMC13060969/,https://doi.org/10.64898/2026.03.09.710638,True
