gene_target,constituent_genes,label_type,disease,manifestation,n_supporting_papers,evidence_tier,n_fulltext_supported,n_fulltext_partial,n_fulltext_not_supported,n_papers_fulltext_read,n_papers_abstract_only,verdicts_from_whole_body,verdicts_from_earlier_pass,mechanism,study_system,supporting_pmids,paper_access
MAP2K1/2 (MEK1/2),MAP2K1;MAP2K2,family,NF1,Plexiform neurofibroma,34,full text - supported,10,2,2,14,20,11,3,"This paper tests MEKi (selumetinib) as monotherapy and combined with FTY720: it reduces neurofibroma number in DhhCre;Nf1fl/fl mice, inhibits tumor sphere formation from mouse/human Schwann cell progenitors, suppresses Schwann cell growth/migration, and increases apoptosis.",clinical trial;mouse model;review,28029918;31913576;32108293;32187457;32601904;32657748;32939452;33683166;33751171;34885143;35301838;35467749;35657359;35788692;37328781;37344677;37906356;38975694;39034326;39514826;39762421;40393479;40473450;40565537;40709016;40732327;40900834;40932001;40968507;41100399;42116118;42394972;42527881;42540436,28029918:full_text;31913576:full_text;32108293:abstract_only;32187457:full_text;32601904:abstract_only;32657748:abstract_only;32939452:abstract_only;33683166:abstract_only;33751171:abstract_only;34885143:full_text;35301838:abstract_only;35467749:abstract_only;35657359:abstract_only;35788692:abstract_only;37328781:full_text;37344677:abstract_only;37906356:abstract_only;38975694:full_text;39034326:abstract_only;39514826:full_text;39762421:abstract_only;40393479:full_text;40473450:abstract_only;40565537:full_text;40709016:full_text;40732327:full_text;40900834:full_text;40932001:abstract_only;40968507:abstract_only;41100399:abstract_only;42116118:full_text;42394972:full_text;42527881:abstract_only;42540436:abstract_only
LZTR1,LZTR1,gene,SWN,Non-vestibular schwannoma,13,full text - supported,4,1,0,6,7,4,1,"LZTR1 is the CUL3 substrate adaptor (BTB-Kelch protein); germline loss-of-function variants predispose to schwannomatosis by dysregulating RAS ubiquitination, impairing RAS degradation and driving schwannoma formation, reviewed across a 123-patient cohort.",human tissue;review,24362817;25335493;25480913;30442762;31425178;33263426;33588442;34072574;34113392;35361920;37820090;38884429;39062695,24362817:full_text;25335493:abstract_only;25480913:abstract_only;30442762:full_text;31425178:abstract_only;33263426:abstract_only;33588442:abstract_only;34072574:full_text;34113392:full_text;35361920:full_text;37820090:abstract_only;38884429:abstract_only;39062695:full_text
MAP2K1/2 (MEK1/2),MAP2K1;MAP2K2,family,NF1,Pain,12,full text - supported,4,2,1,7,5,5,2,"Selumetinib, an oral MEK1/2 inhibitor blocking RAS/MAPK pathway overactive due to neurofibromin loss, produced durable plexiform neurofibroma shrinkage and clinically meaningful decreases in tumor-related pain intensity and interference.",clinical trial;review,28029918;32108293;32187457;35467749;35788692;38975694;39514826;39762421;40393479;40473450;40565537;42394972,28029918:full_text;32108293:abstract_only;32187457:full_text;35467749:abstract_only;35788692:abstract_only;38975694:full_text;39514826:full_text;39762421:abstract_only;40393479:full_text;40473450:abstract_only;40565537:full_text;42394972:full_text
NF2,NF2,gene,NF2-SWN,Meningioma,15,full text - supported,3,2,2,7,8,7,0,"Merlin-deficient primary meningioma cells show increased DCAF1/KSR1 expression and greater sensitivity to MLN3651 (neddylation inhibitor) and MLN3651+selumetinib combination, reducing proliferation/viability more than Merlin-positive cells.",cell line;human tissue;review,26564072;30145722;30993672;31425178;32441531;32629964;32642722;33753124;34072574;34629433;37820090;38928264;39083549;39337558;39577862,26564072:abstract_only;30145722:abstract_only;30993672:abstract_only;31425178:abstract_only;32441531:abstract_only;32629964:full_text;32642722:full_text;33753124:abstract_only;34072574:full_text;34629433:abstract_only;37820090:abstract_only;38928264:full_text;39083549:full_text;39337558:full_text;39577862:full_text
PRC2 (EED/SUZ12/EZH2),EED;SUZ12;EZH2,complex,NF1,Malignant peripheral nerve sheath tumor (MPNST),13,full text - supported,3,2,0,5,8,2,3,"PRC2 complex (EED/SUZ12) is biallelically inactivated via somatic SVs in a subset of MPNSTs, causing H3K27me3 loss, distinct genomic evolution (near-haploidization, WGD, chr8 amplification), reduced immune infiltration, and worse prognosis in NF1 patients.",cell line;human tissue;mouse model,26857854;28551330;30169729;30306639;31262833;34283254;34432163;36598417;37670622;39620202;40063513;42135588;42310314,26857854:abstract_only;28551330:full_text;30169729:abstract_only;30306639:full_text;31262833:abstract_only;34283254:abstract_only;34432163:abstract_only;36598417:full_text;37670622:abstract_only;39620202:full_text;40063513:abstract_only;42135588:abstract_only;42310314:full_text
NF1,NF1,gene,NF1,Malignant peripheral nerve sheath tumor (MPNST),12,full text - supported,3,3,0,6,6,4,2,"Schwann-cell-specific Nf1 loss drives neurofibroma formation; combined heterozygous Cdkn2a loss abrogates senescence and enables progression through atypical neurofibroma to aggressive GEM-PNST resembling human MPNST, with p16 loss in some tumors.",cell line;human tissue;mouse model;review,20043723;26857854;32816910;33588442;33641042;33831431;34072574;36139671;36598417;36818284;37670622;41256734,20043723:abstract_only;26857854:abstract_only;32816910:full_text;33588442:abstract_only;33641042:abstract_only;33831431:abstract_only;34072574:full_text;36139671:full_text;36598417:full_text;36818284:full_text;37670622:abstract_only;41256734:full_text
MAP2K1/2 (MEK1/2),MAP2K1;MAP2K2,family,NF1,Optic pathway glioma,11,full text - supported,3,0,0,3,8,3,0,"NF1-associated OPGs arise from biallelic NF1-inactivated glioma stem cells/astrocytes with haploinsufficient stromal microenvironment; MEK inhibition (selumetinib) targets Ras/MAPK dysregulation, showing activity in NF1-associated LGG trials.",clinical trial;review,25534823;30387339;33751171;34885143;35210278;35419473;35545829;37401302;42176046;42276973;42482124,25534823:abstract_only;30387339:abstract_only;33751171:abstract_only;34885143:full_text;35210278:abstract_only;35419473:abstract_only;35545829:full_text;37401302:abstract_only;42176046:abstract_only;42276973:full_text;42482124:abstract_only
NF2,NF2,gene,NF2-SWN,Vestibular schwannoma,11,full text - supported,3,0,0,4,7,3,0,"Review synthesizes literature showing NF2 mutation/merlin loss activates Ras/Raf/MEK/ERK, PI3K/Akt/mTORC1, Hippo/YAP-TEAD pathways, driving proliferation in NF2-related and sporadic vestibular schwannoma, informing targeted therapy rationale.",cell line;review,26564072;30145722;30993672;31425178;33447015;33588442;34072574;34453890;37820090;38928264;41293003,26564072:abstract_only;30145722:abstract_only;30993672:abstract_only;31425178:abstract_only;33447015:full_text;33588442:abstract_only;34072574:full_text;34453890:abstract_only;37820090:abstract_only;38928264:full_text;41293003:full_text
SMARCB1,SMARCB1,gene,SWN,Non-vestibular schwannoma,11,full text - supported,3,1,0,4,7,3,1,Germline SMARCB1 inactivation plus loss of chromosome 22 and somatic NF2 mutation (four-hit model) drives SWN schwannomas; SMARCB1 germline mutations also predispose to rhabdoid tumors; INI1 loss aids diagnosis.,human tissue;review,24362817;25335493;29230670;31425178;33263426;33588442;34072574;35361920;35855174;37820090;38884429,24362817:full_text;25335493:abstract_only;29230670:abstract_only;31425178:abstract_only;33263426:abstract_only;33588442:abstract_only;34072574:full_text;35361920:full_text;35855174:full_text;37820090:abstract_only;38884429:abstract_only
MAP2K1/2 (MEK1/2),MAP2K1;MAP2K2,family,NF1,Non-optic LGG,7,full text - supported,3,0,1,4,3,3,1,"NF1-associated OPGs arise from biallelic NF1-inactivated glioma stem cells/astrocytes with haploinsufficient stromal microenvironment; MEK inhibition (selumetinib) targets Ras/MAPK dysregulation, showing activity in NF1-associated LGG trials.",clinical trial;review,31151904;32601903;33026636;34885143;35210278;35545829;35788692,31151904:full_text;32601903:abstract_only;33026636:full_text;34885143:full_text;35210278:abstract_only;35545829:full_text;35788692:abstract_only
MTOR,MTOR,gene,NF2-SWN,Vestibular schwannoma,4,full text - supported,3,0,1,4,0,3,1,"Merlin/NF2 loss activates mTORC1 (pS6) and mTORC2 (pAkt, SGK1, pNDRG1) in VS cells; combined AZD2014 (mTORC1/2 inhibitor) and dasatinib synergistically reduce metabolic activity and inhibit tumor growth in vitro and in vivo.",clinical trial;human tissue;mouse model,32144278;32232723;34224367;38058737,32144278:full_text;32232723:full_text;34224367:full_text;38058737:full_text
CACNA1B,CACNA1B,gene,NF1,Pain,3,full text - supported,3,0,0,3,0,3,0,"Cav2.2 (CACNA1B) currents/CGRP release increased in Nf1+/- sensory neurons via CRMP2 interaction; t-CNRP1 disrupts CRMP2-Cav2.2 binding, reducing Ca2+ influx and pain behaviors",mouse model,28767512;29655575;31246731,28767512:full_text;29655575:full_text;31246731:full_text
VEGFA,VEGFA,gene,NF2-SWN,Vestibular schwannoma,14,full text - supported,2,1,2,5,9,5,0,"Bevacizumab (anti-VEGF antibody) given to NF2 vestibular schwannoma patients; systematic review found 41% tumor regression, 20% hearing improvement, 69% no further hearing loss; dose-dependent toxicity noted.",clinical trial;human tissue,26022982;31534897;31902875;32232723;32470937;32657748;36139588;37025569;37906356;40140675;40434540;40956079;41053457;41250253,26022982:abstract_only;31534897:abstract_only;31902875:full_text;32232723:full_text;32470937:abstract_only;32657748:abstract_only;36139588:full_text;37025569:full_text;37906356:abstract_only;40140675:full_text;40434540:abstract_only;40956079:abstract_only;41053457:abstract_only;41250253:abstract_only
NF1,NF1,gene,NF1,Plexiform neurofibroma,9,full text - supported,2,2,0,4,5,3,1,"NF1 encodes neurofibromin, a Ras-GAP; loss causes Ras hyperactivation driving MAPK/AKT/mTOR signaling, producing neurofibromas, MPNST, optic/high-grade glioma, bone deformation, cognitive deficits, and myeloid malignancies via RAS dysregulation.",human tissue;mouse model;review,20043723;26857854;32601904;32816910;33108355;33588442;34072574;36139671;41256734,20043723:abstract_only;26857854:abstract_only;32601904:abstract_only;32816910:full_text;33108355:abstract_only;33588442:abstract_only;34072574:full_text;36139671:full_text;41256734:full_text
MAP2K1/2 (MEK1/2),MAP2K1;MAP2K2,family,NF1,Malignant peripheral nerve sheath tumor (MPNST),8,full text - supported,2,2,1,5,3,5,0,"Trametinib (MEK1/2i) monotherapy causes only transient ERK suppression, feedback RTK/RAS-GTP upregulation, and minimal antitumor effect in NF1-MPNST allografts/PDX; inferior to SHP2 inhibition, not to CDK4/6i combination as claimed.",cell line;human tissue;mouse model;review,33456709;35788692;39620202;39793045;40630199;41504652;42310314;42540436,33456709:full_text;35788692:abstract_only;39620202:full_text;39793045:full_text;40630199:full_text;41504652:abstract_only;42310314:full_text;42540436:abstract_only
NF2,NF2,gene,NF2-SWN,Ependymoma,8,full text - supported,2,1,0,3,5,3,0,"NF2 mutation plus 22q loss (bi-allelic loss) defines transcriptional/methylation subtype A with significantly lower NF2 expression, more multilocular disease, and significantly worse progression-free survival vs subtype B.",clinical trial;human tissue;review,26564072;30145722;30993672;31425178;34072574;37820090;38265489;38928264,26564072:abstract_only;30145722:abstract_only;30993672:abstract_only;31425178:abstract_only;34072574:full_text;37820090:abstract_only;38265489:full_text;38928264:full_text
NF1,NF1,gene,NF1,Cutaneous neurofibroma,6,full text - supported,2,0,0,2,4,2,0,"NF1 encodes neurofibromin, a Ras-GAP; loss causes Ras hyperactivation driving MAPK/AKT/mTOR signaling, producing neurofibromas, MPNST, optic/high-grade glioma, bone deformation, cognitive deficits, and myeloid malignancies via RAS dysregulation.",review,20043723;29925695;32601904;33108355;34072574;36139671,20043723:abstract_only;29925695:abstract_only;32601904:abstract_only;33108355:abstract_only;34072574:full_text;36139671:full_text
TP53,TP53,gene,NF1,Malignant peripheral nerve sheath tumor (MPNST),6,full text - supported,2,1,0,3,3,1,2,Consensus paper lists TP53 inactivating mutation as a sufficient molecular feature for MPNST diagnosis in NF1; TP53-altered MPNST show worse outcomes.,human tissue;review,20043723;24470531;28551330;36598417;37670622;39500722,20043723:abstract_only;24470531:abstract_only;28551330:full_text;36598417:full_text;37670622:abstract_only;39500722:full_text
NF1,NF1,gene,NF1,Other,4,full text - supported,2,0,0,2,2,1,1,"Neurofibromin loss/haploinsufficiency in endothelial cells and Tie2+/VE-cadherin+ cells drives Ras-Akt/Erk activation, endothelial proliferation, and increased retinal neovascularization/vessel dropout in the mouse OIR model.",mouse model;review,12351569;27269372;29847659;37937606,12351569:abstract_only;27269372:full_text;29847659:full_text;37937606:abstract_only
MTOR,MTOR,gene,NF2-SWN,Meningioma,3,full text - supported,2,0,0,1,2,2,0,mTORC1/mTORC2 activated in NF2-deficient meningioma cells; dual mTORC1/2 inhibitor combined with dasatinib produced strong growth inhibition in orthotopic model.,clinical trial;mouse model,25012485;29982664;34224367,25012485:abstract_only;29982664:abstract_only;34224367:full_text
PI3K (family),PIK3CA;PIK3CB;PIK3CD;PIK3R1,family,NF2-SWN,Vestibular schwannoma,3,full text - supported,2,1,0,3,0,2,1,"PI3K inhibition (pictilisib) reduces viability/growth of merlin-deficient Schwann cells in vitro and, combined with PAK inhibitor PF-3758309, reduces orthotopic schwannoma allograft growth via decreased proliferation and increased apoptosis.",cell line;mouse model,37886501;38336988;41898501,37886501:full_text;38336988:full_text;41898501:full_text
AXL,AXL,gene,NF1,Plexiform neurofibroma,2,full text - supported,2,0,0,2,0,2,0,"Serum AXL was significantly lower in NF1 patients with MPNST than those with high-load plexiform neurofibromas; AXL levels correlated with internal tumor burden, not significantly different from no-tumor patients.",computational;human tissue,32193699;36134665,32193699:full_text;36134665:full_text
CD274,CD274,gene,NF1,Plexiform neurofibroma,2,full text - supported,2,0,0,2,0,2,0,Serum PD-L1 (CD274) significantly elevated in NF1 patients with MPNST versus those with plexiform neurofibroma or no tumor; authors propose it as biomarker and rationale for anti-PD-L1/PD-1 checkpoint immunotherapy.,human tissue;mouse model,32193699;37817770,32193699:full_text;37817770:full_text
CRMP2,DPYSL2,gene,NF1,Pain,2,full text - supported,2,0,0,2,0,2,0,"CRMP2 binds neurofibromin and Cav2.2; loss of neurofibromin frees CRMP2 to bind syntaxin1A/Cav2.2, increasing CGRP release; t-CNRP1 peptide reverses inflammatory, postsurgical, neuropathic pain",mouse model,28767512;29655575,28767512:full_text;29655575:full_text
PAK (family),PAK1;PAK2;PAK3;PAK4;PAK5;PAK6,family,NF2-SWN,Vestibular schwannoma,2,full text - supported,2,0,0,2,0,1,1,"PAK inhibitor PF-3758309 combined with PI3K inhibitor pictilisib synergistically reduced merlin-deficient Schwann cell viability, decreased proliferation (Ki67), increased apoptosis, and reduced orthotopic vestibular schwannoma allograft tumor growth in mice.",mouse model,37886501;38336988,37886501:full_text;38336988:full_text
RAS (pan),HRAS;KRAS;NRAS,family,NF1,Other,2,full text - supported,2,0,0,2,0,1,1,"This review states RASopathies, including NF1, are caused by germline mutations in components/regulators of the RAS/MAPK pathway (neurofibromin as RAS-GAP).",review,23875798;35188187,23875798:full_text;35188187:full_text
RAS (pan),HRAS;KRAS;NRAS,family,SWN,Non-vestibular schwannoma,2,full text - supported,2,0,0,2,0,1,1,"LZTR1 mutations dysregulate RAS ubiquitination, causing impaired degradation of RAS superfamily proteins; loss-of-function LZTR1 variants remove negative regulation of RAS/MAPK signaling, driving proliferation and schwannoma development.",mouse model;review,30442762;39062695,30442762:full_text;39062695:full_text
YAP1,YAP1,gene,NF2-SWN,Vestibular schwannoma,2,full text - supported,2,0,0,2,0,2,0,"CUDC907 (fimepinostat), a dual HDAC/PI3K inhibitor, lowered YAP levels and reduced viability/growth in schwannoma xenograft models and primary vestibular schwannoma cells.",cell line,38928264;41898501,38928264:full_text;41898501:full_text
CDKN2A,CDKN2A,gene,NF1,Malignant peripheral nerve sheath tumor (MPNST),12,full text - supported,1,1,0,5,7,1,1,Loss of the CDKN2A/9p21 locus encoding p16 characterizes one of the earliest steps in malignant transformation of neurofibromas to MPNST.,mouse model;review,20043723;21987445;26857854;28124441;28551330;31091306;32816910;36598417;36866403;38127282;40063513;42310314,20043723:abstract_only;21987445:abstract_only;26857854:abstract_only;28124441:abstract_only;28551330:full_text;31091306:abstract_only;32816910:full_text;36598417:full_text;36866403:abstract_only;38127282:full_text;40063513:abstract_only;42310314:full_text
CDKN2A,CDKN2A,gene,NF1,ANNUBP / atypical neurofibroma,10,full text - supported,1,1,1,5,5,2,1,"Cdkn2a loss combined with Nf1 loss abrogates senescence checkpoint in Schwann cells, enabling progression from neurofibroma to atypical neurofibroma (GEM-ANF) and subsequent transformation to MPNST-like tumors.",human tissue;mouse model,21987445;26857854;28551330;31091306;32816910;36636686;36866403;38127282;42135588;42310314,21987445:abstract_only;26857854:abstract_only;28551330:full_text;31091306:abstract_only;32816910:full_text;36636686:full_text;36866403:abstract_only;38127282:full_text;42135588:abstract_only;42310314:full_text
RAS (pan),HRAS;KRAS;NRAS,family,NF1,Plexiform neurofibroma,7,full text - supported,1,3,0,4,3,3,1,"Neurofibromin is a RAS/MAPK negative regulator; NF1 loss in Hoxb7-lineage Schwann cell precursors drives cutaneous and plexiform neurofibroma formation, with Hippo pathway dysregulation enhancing MAPK/p-ERK activation from NF1 loss.",human tissue;mouse model;review,12432832;25917340;30348677;33683166;35188187;36139671;41256734,12432832:abstract_only;25917340:abstract_only;30348677:full_text;33683166:abstract_only;35188187:full_text;36139671:full_text;41256734:full_text
NF2,NF2,gene,NF2-SWN,Non-vestibular schwannoma,5,full text - supported,1,1,0,2,3,2,0,"NF2 loss causes bilateral vestibular schwannomas plus other cranial, spinal, and peripheral nerve schwannomas, meningiomas, and ependymomas, with hearing loss, balance problems, and cranial/facial nerve dysfunction.",cell line;review,26564072;29599333;30993672;34072574;39083549,26564072:abstract_only;29599333:abstract_only;30993672:abstract_only;34072574:full_text;39083549:full_text
SUZ12,SUZ12,gene,NF1,Malignant peripheral nerve sheath tumor (MPNST),5,full text - supported,1,0,0,1,4,1,0,"SUZ12 inactivating mutation (PRC2 subunit) proposed as sufficient molecular feature for MPNST diagnosis, correlating with H3K27me3 loss in most MPNST.",review,28124441;33588442;34283254;37670622;39500722,28124441:abstract_only;33588442:abstract_only;34283254:abstract_only;37670622:abstract_only;39500722:full_text
MTOR,MTOR,gene,NF1,Optic pathway glioma,4,full text - supported,1,0,0,1,3,1,0,"mTOR is a key downstream signaling node regulating cell growth/proliferation; everolimus (mTOR inhibitor) tested in phase II trials for recurrent/progressive pediatric LGG including NF1-associated OPG, showing partial responses.",review,25534823;30387339;35545829;37401302,25534823:abstract_only;30387339:abstract_only;35545829:full_text;37401302:abstract_only
MTOR,MTOR,gene,NF1,Non-optic LGG,4,full text - supported,1,0,0,1,3,1,0,"mTOR is a key downstream signaling node regulating cell growth/proliferation; everolimus (mTOR inhibitor) tested in phase II trials for recurrent/progressive pediatric LGG including NF1-associated OPG, showing partial responses.",review,30239952;32236425;32601903;35545829,30239952:abstract_only;32236425:abstract_only;32601903:abstract_only;35545829:full_text
NF2,NF2,gene,SWN,Non-vestibular schwannoma,4,full text - supported,1,1,0,2,2,1,1,"Three-event model: germline first hit, 22q loss, then a different somatic NF2 mutation in every schwannoma, giving biallelic NF2 loss.",human tissue;review,24362817;25335493;29230670;35361920,24362817:full_text;25335493:abstract_only;29230670:abstract_only;35361920:full_text
PRC2 (EED/SUZ12/EZH2),EED;SUZ12;EZH2,complex,NF1,ANNUBP / atypical neurofibroma,4,full text - supported,1,1,0,3,1,2,0,"PRC2 (SUZ12) loss in 2KO cells disrupts pluripotency, induces MSC-like features, causes chromatin reorganization and neuro-mesenchymal transcriptional programs mimicking PNF-ANNUBP-MPNST progression.",cell line;mouse model,28551330;39620202;42135588;42310314,28551330:full_text;39620202:full_text;42135588:abstract_only;42310314:full_text
MAP2K1/2 (MEK1/2),MAP2K1;MAP2K2,family,NF1,Cognition / Behavioral / Learning,3,full text - supported,1,0,0,1,2,1,0,"Selumetinib significantly improved VCI, PSI, and FSIQ scores in children and adults after 12-26 cycles; borderline/overt intellectual disability proportions decreased; improvement speculatively attributed to restored RAS-MAPK activity.",clinical trial,35788692;38975694;40766628,35788692:abstract_only;38975694:full_text;40766628:abstract_only
NF1,NF1,gene,NF1,Cognition / Behavioral / Learning,3,full text - supported,1,0,0,1,2,1,0,"NF1 encodes neurofibromin, a Ras-GAP; loss causes Ras hyperactivation driving MAPK/AKT/mTOR signaling, producing neurofibromas, MPNST, optic/high-grade glioma, bone deformation, cognitive deficits, and myeloid malignancies via RAS dysregulation.",review,29925695;32601904;34072574,29925695:abstract_only;32601904:abstract_only;34072574:full_text
NF1,NF1,gene,NF1,Bone defects,3,full text - supported,1,0,0,1,2,1,0,"NF1 encodes neurofibromin, a Ras-GAP; loss causes Ras hyperactivation driving MAPK/AKT/mTOR signaling, producing neurofibromas, MPNST, optic/high-grade glioma, bone deformation, cognitive deficits, and myeloid malignancies via RAS dysregulation.",review,32583151;32601904;34072574,32583151:abstract_only;32601904:abstract_only;34072574:full_text
NF1,NF1,gene,NF1,ANNUBP / atypical neurofibroma,3,full text - supported,1,1,0,2,1,1,1,"Germline Nf1 loss in Schwann cells combined with Cdkn2a loss drives stepwise progression from plexiform neurofibroma to atypical neurofibroma (ANF/ANNUBP) and then to MPNST, with ANF showing reduced senescence and MPNST-like transcriptomic changes.",mouse model;review,32601904;32816910;36139671,32601904:abstract_only;32816910:full_text;36139671:full_text
RAS (pan),HRAS;KRAS;NRAS,family,NF1,Cutaneous neurofibroma,3,full text - supported,1,1,0,2,1,1,1,"NF1 loss in Hoxb7-lineage Schwann cell precursors causes biallelic Nf1 inactivation, driving MAPK/RAS pathway hyperactivation (increased p-ERK1/2) and generating diffuse cutaneous neurofibroma, modifiable by Hippo pathway alterations.",mouse model;review,12432832;30348677;36139671,12432832:abstract_only;30348677:full_text;36139671:full_text
RAS (pan),HRAS;KRAS;NRAS,family,NF1,Cognition / Behavioral / Learning,3,full text - supported,1,0,0,1,2,1,0,"Neurofibromin loss causes RAS hyperactivation increasing GABAergic transmission, impairing LTP and causing social/spatial learning deficits in Nf1+/- mice; KRAS/NRAS depletion or MEK/RAS normalization reverses deficits.",review,12432832;28256688;35188187,12432832:abstract_only;28256688:abstract_only;35188187:full_text
BIRC5,BIRC5,gene,NF1,Malignant peripheral nerve sheath tumor (MPNST),2,full text - supported,1,0,0,1,1,1,0,"BIRC5/Survivin upregulated in NF1-mutant MPNST; pharmacologic (YM155, LQZ-7I) and siRNA inhibition selectively reduced viability of MPNST cells and Nf1-null Schwann precursors.",human tissue,28314790;38127282,28314790:abstract_only;38127282:full_text
CD44,CD44,gene,NF2-SWN,Vestibular schwannoma,2,full text - supported,1,0,0,1,1,1,0,"IMC shows CD44+ Schwann cells significantly more abundant in bevacizumab-treated (failure) VS versus treatment-naive, enriched in CN Bev-9, suggesting ECM remodeling/fibrosis linked to bevacizumab resistance.",human tissue,30145722;40140675,30145722:abstract_only;40140675:full_text
EGFR,EGFR,gene,NF2-SWN,Vestibular schwannoma,2,full text - supported,1,0,0,1,1,1,0,"Lapatinib (EGFR/ErbB2 inhibitor) inhibited VS growth in vitro; phase II trial in 21 NF2 patients showed ≥15% tumor volume reduction in 23.5% and hearing improvement in 30.8%, low toxicity.",clinical trial,20511180;32232723,20511180:abstract_only;32232723:full_text
EPHA2,EPHA2,gene,NF2-SWN,Meningioma,2,full text - supported,1,0,0,1,1,1,0,"EphA2, previously shown upregulated/activated in NF2-deficient cells, was inhibited by brigatinib in Ben-Men-1 meningioma cells with ligand stimulation, reducing downstream AKT/ERK signaling.",cell line,29982664;34264955,29982664:abstract_only;34264955:full_text
GDNF,GDNF,gene,NF1,Pain,2,full text - supported,1,0,0,1,1,1,0,"GDNF mRNA/protein is selectively upregulated in Schwann cells/satellite glia of Nf1-mutant mice independent of tumors; GDNF-targeting antibody treatment rescues mechanical hypersensitivity, supporting SC-derived GDNF as a pain driver.",mouse model,38258905;42189937,38258905:full_text;42189937:abstract_only
HDAC11,HDAC11,gene,NF1,Malignant peripheral nerve sheath tumor (MPNST),2,full text - supported,1,0,0,1,1,1,0,"FT895, an HDAC11 inhibitor (IC50 3nM), disrupts mitochondrial biogenesis/function in MPNST cells, increasing ROS, decreasing mtDNA copy number, impairing respiration; enhances cordycepin cytotoxicity.",cell line,35261809;38203448,35261809:abstract_only;38203448:full_text
KRAS,KRAS,gene,NF1,Plexiform neurofibroma,2,full text - supported,1,0,1,2,0,2,0,"APEX-MS shows selumetinib increases KRAS (not NRAS/HRAS) proximity to neurofibromin; pan-KRAS inhibitor BI-2865 suppresses pERK, CDK1/2, ERK1/2; CRISPRi KRAS repression, not NRAS/HRAS, sensitizes to selumetinib.",cell line;review,37328781;40587782,37328781:full_text;40587782:full_text
LZTR1,LZTR1,gene,SWN,Other,2,full text - supported,1,0,1,2,0,2,0,SMARCB1 and LZTR1 germline inactivating mutations found in ~85% of familial and up to 40% of sporadic SWN cases; additional somatic mutations are required to trigger tumorigenesis.,human tissue;review,34072574;39258154,34072574:full_text;39258154:full_text
NF1,NF1,gene,NF1,Optic pathway glioma,2,full text - supported,1,0,0,1,1,1,0,"NF1 encodes neurofibromin, a Ras-GAP; loss causes Ras hyperactivation driving MAPK/AKT/mTOR signaling, producing neurofibromas, MPNST, optic/high-grade glioma, bone deformation, cognitive deficits, and myeloid malignancies via RAS dysregulation.",review,20043723;34072574,20043723:abstract_only;34072574:full_text
NF1,NF1,gene,NF1,High grade glioma,2,full text - supported,1,0,0,1,1,1,0,"NF1 encodes neurofibromin, a Ras-GAP; loss causes Ras hyperactivation driving MAPK/AKT/mTOR signaling, producing neurofibromas, MPNST, optic/high-grade glioma, bone deformation, cognitive deficits, and myeloid malignancies via RAS dysregulation.",review,34072574;38714355,34072574:full_text;38714355:abstract_only
NF1,NF1,gene,NF1,Pain,2,full text - supported,1,0,0,1,1,1,0,"CRISPR/Cas9 truncation of Nf1 in sensory neurons causes CaV2.2/NaV1.7 upregulation, hyperexcitability and thermal hyperalgesia, establishing causal neurofibromin-pain link.",mouse model,29655575;29925695,29655575:full_text;29925695:abstract_only
SMARCB1,SMARCB1,gene,SWN,Malignant peripheral nerve sheath tumor (MPNST),2,full text - supported,1,0,0,1,1,1,0,SMARCB1 germline pathogenic variants increase malignant transformation/MPNST risk in schwannomatosis; changing/rapidly growing tumours in SMARCB1 carriers should prompt exclusion of malignancy.,review,33588442;35361920,33588442:abstract_only;35361920:full_text
YAP1-TEAD,YAP1;TEAD1;TEAD2;TEAD3;TEAD4,complex,NF2-SWN,Vestibular schwannoma,2,full text - supported,1,0,1,2,0,1,1,"Merlin loss activates hippo/YAP-TAZ-TEAD1 signaling in Schwann cells, driving proliferation, macrophage chemotaxis, and angiogenesis; TEAD1/YAP-TAZ inhibition (VT3989 and other TEADi) reversed tumorigenic signaling and reduced tumor cell survival in human VS cultures and NF2 mouse model.",cell line;human tissue,39083549;41293003,39083549:full_text;41293003:full_text
YAP1/WWTR1 (YAP/TAZ),YAP1;WWTR1,family,NF2-SWN,Vestibular schwannoma,2,full text - supported,1,0,0,1,1,1,0,"NF2 loss raises nuclear YAP/TAZ, driving TEAD-dependent CTGF and ALDH1A1 expression; YAP/TAZ knockdown or TEAD palmitoylation inhibitors block proliferation and shrink VG/DRG tumours in vivo and reduce human/mouse schwannoma proliferation.",mouse model,34453890;36148553,34453890:abstract_only;36148553:full_text
ABCC8,ABCC8,gene,NF1,Pulmonary disease,1,full text - supported,1,0,0,1,0,1,0,"ABCC8 splice mutation (c.4412-2A>G) in NF-1 patient causes aberrant splicing/loss-of-function, identified as PAH-gene modifier of moyamoya syndrome via minigene assay.",cell line,39367156,39367156:full_text
ACSL3,ACSL3,gene,NF2-SWN,Vestibular schwannoma,1,full text - supported,1,0,0,1,0,1,0,CRISPR screen identifies ACSL3 as synthetic-lethal with NF2 loss; knockdown/knockout kills NF2-KO Schwann cells and reduces xenograft tumor growth via ferroptosis from lipid peroxidation.,cell line,38879607,38879607:full_text
ADAM9,ADAM9,gene,NF2-SWN,Vestibular schwannoma,1,full text - supported,1,0,0,1,0,1,0,"ADAM9 mRNA/protein overexpressed in VS tumor Schwann cells vs healthy nerve; secreted 68kDa isoform correlates with hearing impairment severity, proposed prognostic marker/therapeutic target.",human tissue,32194680,32194680:full_text
AKT/mTOR,AKT1;AKT2;AKT3;MTOR,pathway,NF1,High grade glioma,1,full text - supported,1,0,0,1,0,1,0,"NF1 loss hyperactivates AKT/mTOR signaling (via RAS-GAP suppression); pharmacologic AKT/mTOR inhibition (MK2206, rapamycin, Raptor KD) reduces Ccl5 expression in M-GBM cells.",mouse model,28380429,28380429:full_text
AKT1,AKT1,gene,NF1,Other,1,full text - supported,1,0,0,1,0,1,0,"Neurofibromin-deficient ECs show enhanced Akt phosphorylation; PI3K-Akt inhibitor wortmannin blocks NF1KD-driven proliferation, network formation, and Nf1+/- aortic ring EC sprouting.",cell line,29847659,29847659:full_text
ALDH1A1,ALDH1A1,gene,NF2-SWN,Meningioma,1,full text - supported,1,0,0,1,0,1,0,"ALDH1A1 elevated in NF2-null human meningioma tissue and cell lines; shRNA knockdown of TAZ (not YAP) reduces ALDH1A1 protein, showing TAZ-dependent regulation in meningioma cells.",cell line,36148553,36148553:full_text
ALDH1A1,ALDH1A1,gene,NF2-SWN,Vestibular schwannoma,1,full text - supported,1,0,0,1,0,1,0,"ALDH1A1 upregulated in NF2-null mouse sciatic nerve/DRG and human schwannoma tissue; TAZ knockdown (not YAP loss) reduces ALDH1A1, confirming TAZ-dependent transcriptional regulation.",mouse model,36148553,36148553:full_text
AMPD3,AMPD3,gene,NF1,Plexiform neurofibroma,1,full text - supported,1,0,0,1,0,1,0,"AMPD3 elevated in NF1 fibroblasts/Schwann cells/plasma; siRNA knockdown reduces ERK signaling, proliferation, and induces apoptosis in NF1-associated Schwann cells, validating it as therapeutic target and biomarker.",cell line,41256734,41256734:full_text
AMPD3,AMPD3,gene,NF1,Malignant peripheral nerve sheath tumor (MPNST),1,full text - supported,1,0,0,1,0,1,0,"AMPD3 elevated in NF1 fibroblasts/Schwann cells/plasma; siRNA knockdown reduces ERK signaling, proliferation, and induces apoptosis in NF1-associated Schwann cells, validating it as therapeutic target and biomarker.",cell line,41256734,41256734:full_text
ANXA3,ANXA3,gene,NF2-SWN,Meningioma,1,full text - supported,1,0,0,1,0,1,0,ANXA3 upregulated in NF2-/- meningioma proteomics; knockdown reduced MCM2 and EdU proliferation in primary/grade3 cells and abolished tumour growth in NSG xenograft mouse model.,mouse model,40562609,40562609:full_text
ATR,ATR,gene,NF1,Malignant peripheral nerve sheath tumor (MPNST),1,full text - supported,1,0,0,1,0,1,0,"ATR inhibitors (AZD6738, VE-821) reduced survival in NF1-associated MPNST cell lines (NF90-8, ST88-14), enhanced in RECQL4-knockdown cells.",cell line,41317405,41317405:full_text
AXL,AXL,gene,NF1,Malignant peripheral nerve sheath tumor (MPNST),1,full text - supported,1,0,0,1,0,1,0,"Serum AXL was significantly lower in NF1 patients with MPNST than those with high-load plexiform neurofibromas; AXL levels correlated with internal tumor burden, not significantly different from no-tumor patients.",human tissue,32193699,32193699:full_text
BET,BRD2;BRD3;BRD4;BRDT,family,NF1,Malignant peripheral nerve sheath tumor (MPNST),1,full text - supported,1,0,0,1,0,1,0,"HuR binds BRD2, BRD3, BRD4 mRNAs; HuR silencing reduces all three BET protein levels and genome-wide BRD2/3/4 chromatin occupancy (~45-60% loss), disrupting BRD-dependent transcriptional regulator networks in MPNST cells.",cell line,32315290,32315290:full_text
CCL2,CCL2,gene,SWN,Pain,1,full text - supported,1,0,0,1,0,1,0,"Schwannoma-derived HMGB1 induces neuronal CCL2 expression; CCL2 recruits CCR2+ macrophages into the DRG, which produce IL-6 causing pain.",mouse model,41758723,41758723:full_text
CCL5,CCL5,gene,NF1,High grade glioma,1,full text - supported,1,0,0,1,0,1,0,CCL5 is autocrine growth/survival factor in NF1-mutant mesenchymal GBM; KD reduces cell survival in vitro and prolongs survival in vivo via CD44 to inhibit apoptosis.,mouse model,28380429,28380429:full_text
CD274,CD274,gene,NF1,Malignant peripheral nerve sheath tumor (MPNST),1,full text - supported,1,0,0,1,0,1,0,Serum PD-L1 (CD274) significantly elevated in NF1 patients with MPNST versus those with plexiform neurofibroma or no tumor; authors propose it as biomarker and rationale for anti-PD-L1/PD-1 checkpoint immunotherapy.,human tissue,32193699,32193699:full_text
CD44,CD44,gene,NF1,Malignant peripheral nerve sheath tumor (MPNST),1,full text - supported,1,0,0,1,0,1,0,"CD44 co-expressed with SPP1, NES, ERBB3 in SCP-like MPNST cells; CellChat shows CD44 as receiver of SPP1 signaling from macrophage cluster MAC-3, sustaining tumor stemness.",human tissue,41053414,41053414:full_text
CD44,CD44,gene,NF1,Plexiform neurofibroma,1,full text - supported,1,0,0,1,0,1,0,"CD44 co-expressed with SPP1, NES, ERBB3 in SCP-like pNF cells; spatial transcriptomics shows CD44 co-localized with SPP1-expressing SCP-like/macrophage spots, supporting autocrine signaling loop.",human tissue,41053414,41053414:full_text
CD44,CD44,gene,NF1,High grade glioma,1,full text - supported,1,0,0,1,0,1,0,CD44 acts as unconventional CCL5 receptor in M-GBM cells; KD increases apoptosis and abolishes Ccl5-induced growth stimulation.,mouse model,28380429,28380429:full_text
CD74,CD74,gene,NF1,Plexiform neurofibroma,1,full text - supported,1,0,0,1,0,1,0,"CD74, the MIF receptor, is undetectable in normal nerve but strongly increased in mouse and human PN, expressed on Schwann cells, macrophages, and DCs; can activate NF-κB/RAS-MAPK.",mouse model,36134665,36134665:full_text
CDK4/6,CDK4;CDK6,family,NF1,Malignant peripheral nerve sheath tumor (MPNST),1,full text - supported,1,0,0,1,0,1,0,"CDK4/6 are hyperactivated downstream of RABL6A via loss of p27 and cyclin D/CDK4/6 upregulation; CDK4/6 inhibitors (e.g., palbociclib) tested in MPNST models, with efficacy modulated by RABL6A levels.",mouse model,33456709,33456709:full_text
CRL4-DCAF1,CUL4A;CUL4B;DDB1;DCAF1,complex,NF2-SWN,Meningioma,1,full text - supported,1,0,0,1,0,1,0,"DCAF1 overexpressed in Merlin-deficient meningioma tissue/cells vs normal; MLN3651-mediated CRL4-DCAF1 inhibition increased LATS1/2, reduced proliferation and viability, activated apoptosis in meningioma cells.",human tissue,32629964,32629964:full_text
CSF1,CSF1,gene,NF2-SWN,Vestibular schwannoma,1,full text - supported,1,0,0,1,0,1,0,"M-CSF correlated positively with CD68 and CD163 macrophage markers and with Ki-67/VEGF, supporting a role in macrophage infiltration linked to VS growth.",human tissue,36139588,36139588:full_text
CSF2,CSF2,gene,NF2-SWN,Vestibular schwannoma,1,full text - supported,1,0,0,1,0,1,0,GM-CSF expression increased significantly with higher VS tumor volume and correlated positively with tumor volume in growth-rate subgroup analysis.,human tissue,36139588,36139588:full_text
CSF2RA,CSF2RA,gene,NF1,Plexiform neurofibroma,1,full text - supported,1,0,0,1,0,1,0,"GM-CSFR-α is expressed on PNF myeloid cells (DCs, macrophages) and increased in PNF vs control, but genetic deletion of GM-CSFR-α did not reduce tumor number or myeloid infiltration.",mouse model,40075752,40075752:full_text
CSF2RB,CSF2RB,gene,NF1,Plexiform neurofibroma,1,full text - supported,1,0,0,1,0,1,0,"Genetic deletion of GM-CSFR-βc in Nf1 f/f;DhhCre mice reduced PNF tumor number and decreased tumor-associated Iba1+ macrophages and CD11c+ dendritic cells, independent of GM-CSF ligand.",mouse model,40075752,40075752:full_text
DCN,DCN,gene,NF1,Plexiform neurofibroma,1,full text - supported,1,0,0,1,0,1,0,"Dcn expression increased specifically in PN Schwann cell subpopulations (MSC1, MSC2, NMSC, SGC) versus normal nerve, identified as a top upregulated gene by scRNA-seq in mouse PNs.",mouse model,36134665,36134665:full_text
EGFR,EGFR,gene,SWN,Non-vestibular schwannoma,1,full text - supported,1,0,0,1,0,1,0,EGFR/ErbB phosphorylation increased after anti-IL-6 treatment; EGFR TKI dacomitinib alone or combined with anti-IL-6 delayed schwannoma tumor growth in PDX models.,mouse model,41758723,41758723:full_text
EGFR,EGFR,gene,SWN,Pain,1,full text - supported,1,0,0,1,0,1,0,Anti-IL-6 induced EGFR/ErbB2/3 phosphorylation as an escape mechanism; combined EGFR (dacomitinib) and IL-6 blockade controlled pain and tumor growth together.,mouse model,41758723,41758723:full_text
ELAVL1,ELAVL1,gene,NF1,Malignant peripheral nerve sheath tumor (MPNST),1,full text - supported,1,0,0,1,0,1,0,"HuR is elevated in human MPNST tissue and cell lines; genetic and pharmacological HuR inhibition blocks tumor formation, induces regression of established xenografts, and suppresses lung metastatic colonization.",mouse model,32315290,32315290:full_text
EPH receptors,EPHA1;EPHA2;EPHA3;EPHA4;EPHA5;EPHA6;EPHA7;EPHA8;EPHA10;EPHB1;EPHB2;EPHB3;EPHB4;EPHB6,family,NF2-SWN,Vestibular schwannoma,1,full text - supported,1,0,0,1,0,1,0,"EPHA2 receptor phosphorylation (pEPHA2) is activated in NF2-null Schwann cells and human VS tumors independent of mTORC1/2; dasatinib inhibits pEPHA2 and downstream pAkt, contributing to tumor growth inhibition.",human tissue,32144278,32144278:full_text
FAK1,PTK2,gene,NF2-SWN,Meningioma,1,full text - supported,1,0,0,1,0,1,0,"Brigatinib potently inhibits FAK1(PTK2) by kinome profiling and reduces p-FAK in Ben-Men-1 meningioma cells and xenograft tumors, correlating with tumor shrinkage.",mouse model,34264955,34264955:full_text
FAK1,PTK2,gene,NF2-SWN,Non-vestibular schwannoma,1,full text - supported,1,0,0,1,0,1,0,"Brigatinib inhibits FAK1(PTK2) in Schwann/schwannoma cells and Postn-Cre;Nf2 flox/flox mouse DRG/schwannoma tissue, reducing p-FAK and tumor/DRG volume.",mouse model,34264955,34264955:full_text
FER,FER,gene,NF2-SWN,Meningioma,1,full text - supported,1,0,0,1,0,1,0,"Kinome profiling shows brigatinib strongly and reproducibly inhibits FER in NF2-deficient meningioma (Syn5, Ben-Men-1) cells; validated by NanoBRET assay.",cell line,34264955,34264955:full_text
FGF,FGF1;FGF2,family,NF1,Plexiform neurofibroma,1,full text - supported,1,0,0,1,0,1,0,FGF1 and FGF2 transcripts upregulated largely in MSC2 Schwann cells in PNs; CellPhoneDB predicts these ligands act on receptors expressed by stromal cell populations in mouse/human PN.,computational,36134665,36134665:full_text
FOXM1,FOXM1,gene,NF2-SWN,Meningioma,1,full text - supported,1,0,0,1,0,1,0,"Merlin loss upregulates FOXM1; FOXM1 knockdown reduces ICG-001 sensitivity, showing FOXM1 mediates Wnt/β-catenin-driven meningioma growth inhibition.",cell line,32642722,32642722:full_text
G6PD,G6PD,gene,NF2-SWN,Vestibular schwannoma,1,full text - supported,1,0,0,1,0,1,0,"G6PD inhibition selectively kills NF2-KO Schwann cells and shrinks xenograft tumors; synthetic lethality rescued by NAC, reflecting reliance on G6PD-derived NADPH for redox balance.",cell line,38879607,38879607:full_text
GHSR,GHSR,gene,NF1,Cutaneous neurofibroma,1,full text - supported,1,0,0,1,0,1,0,"GHS-R immunohistochemically detected in all cutaneous neurofibromas; percentage/intensity of positive cells correlates with tumor volume and female gender, suggesting ghrelin-GHSR axis role in tumorigenesis.",human tissue,29262839,29262839:full_text
HDAC,HDAC1;HDAC2;HDAC3;HDAC4;HDAC5;HDAC6;HDAC7;HDAC8;HDAC9;HDAC10;HDAC11,family,NF2-SWN,Non-vestibular schwannoma,1,full text - supported,1,0,0,1,0,1,0,"Fimepinostat targets HDAC2 specifically, inducing p21 upregulation, cell cycle arrest, and caspase-3/7-dependent apoptosis in NCH1 spinal (non-vestibular) schwannoma cells.",cell line,41898501,41898501:full_text
HDAC,HDAC1;HDAC2;HDAC3;HDAC4;HDAC5;HDAC6;HDAC7;HDAC8;HDAC9;HDAC10;HDAC11,family,NF2-SWN,Vestibular schwannoma,1,full text - supported,1,0,0,1,0,1,0,"Fimepinostat targets HDAC2, driving p21 upregulation, cell cycle arrest, and caspase-3/7 apoptosis in patient VS cells and model lines, with in vivo tumor regression in allografts.",cell line,41898501,41898501:full_text
HIF1A,HIF1A,gene,NF1,Malignant peripheral nerve sheath tumor (MPNST),1,full text - supported,1,0,0,1,0,1,0,"HIF-1α positive in 75.6% of MPNST specimens and independently predicted poor survival; siRNA knockdown suppressed MPNST cell proliferation and induced apoptosis/subG1 increase under hypoxia; chetomin inhibited HIF-1α transcriptional activity, blocked growth, induced apoptosis.",human tissue,28558056,28558056:full_text
HMGB1,HMGB1,gene,SWN,Pain,1,full text - supported,1,0,0,1,0,1,0,"Schwannoma-secreted HMGB1 upregulates neuronal CCL2 expression, driving macrophage recruitment to the DRG and pain; HMGB1 knockdown reduced macrophage infiltration and pain.",mouse model,41758723,41758723:full_text
IL6,IL6,gene,SWN,Pain,1,full text - supported,1,0,0,1,0,1,0,DRG macrophages overproduce IL-6 (highest induced cytokine) after tumor stimulation; anti-IL-6 antibody treatment reduced pain in PDX models but had modest tumor effect.,mouse model,41758723,41758723:full_text
KSR1,KSR1,gene,NF2-SWN,Meningioma,1,full text - supported,1,0,0,1,0,1,0,"KSR1 significantly overexpressed in Merlin-deficient meningioma tissue and primary cells versus normal meninges/HMC; correlates with DCAF1 expression, implicating role in tumourigenic signalling.",human tissue,32629964,32629964:full_text
KYNU,KYNU,gene,NF1,Malignant peripheral nerve sheath tumor (MPNST),1,full text - supported,1,0,0,1,0,1,0,"KYNU marks a metabolically active SPP1+KYNU+ macrophage subset with upregulated tryptophan metabolism; IDO1 inhibition reversed macrophage-induced tumor cell migration and cytokine secretion, and this subset correlated with Treg/exhausted T cell infiltration.",human tissue,41930352,41930352:full_text
KYNU,KYNU,gene,NF1,Plexiform neurofibroma,1,full text - supported,1,0,0,1,0,1,0,"KYNU marks a metabolically active SPP1+KYNU+ macrophage subset with upregulated tryptophan metabolism; IDO1 inhibition reversed macrophage-induced tumor cell migration and cytokine secretion, and this subset correlated with Treg/exhausted T cell infiltration.",human tissue,41930352,41930352:full_text
MAP2K1/2 (MEK1/2),MAP2K1;MAP2K2,family,NF2-SWN,Meningioma,1,full text - supported,1,0,0,1,0,1,0,Selumetinib combined with MLN3651 blocked MLN3651-induced pERK1/2 increase and had additive effect reducing proliferation/viability in Merlin-deficient meningioma cells; DCAF1 knockdown reduced KSR1 association with pMEK1/2/pERK1/2 in HEK293T cells.,human tissue,32629964,32629964:full_text
MAP2K1/2 (MEK1/2),MAP2K1;MAP2K2,family,NF2-SWN,Ependymoma,1,full text - supported,1,0,0,1,0,1,0,"In an NF2 patient, selumetinib monotherapy for 3 months produced a partial response in a thoracic intramedullary tumor consistent with ependymoma, quantified by reduced contrast enhancement.",human tissue,38058737,38058737:full_text
MAPK pathway,RAF1;BRAF;ARAF;MAP2K1;MAP2K2;MAPK1;MAPK3,pathway,NF1,Non-optic LGG,1,full text - supported,1,0,0,1,0,1,0,"This paper studies trametinib (MEK inhibitor) treatment of progressive pLGG driven by MAPK pathway alterations (BRAF-fusion, NF1, FGFR1), showing disease control via MAPK inhibition.",clinical trial,33026636,33026636:full_text
ME1,ME1,gene,NF2-SWN,Vestibular schwannoma,1,full text - supported,1,0,0,1,0,1,0,"ME1 mRNA/protein/activity are reduced in NF2-KO Schwann cells and patient vestibular schwannomas; ME1 and G6PD redundantly supply NADPH, and combined loss causes lethality.",cell line,38879607,38879607:full_text
MIF,MIF,gene,NF1,Plexiform neurofibroma,1,full text - supported,1,0,0,1,0,1,0,"SCP-like cells uniquely express MIF in mouse and human PN; CellPhoneDB predicts MIF signals through CD74 on macrophages/DCs, and MIF/CD74 signaling can activate NF-κB and MAPK.",computational,36134665,36134665:full_text
MMP9,MMP9,gene,NF2-SWN,Vestibular schwannoma,1,full text - supported,1,0,0,1,0,1,0,"MMP9 is secreted by schwannoma cells, upregulated via TNF-α, drives invasion, adhesion molecule expression (N-cadherin, αvβ3), and its inhibition reduces tumor growth in vivo.",mouse model,38887507,38887507:full_text
MRVI1,IRAG1,gene,NF1,Other,1,full text - supported,1,0,0,1,0,1,0,"MRVI1 p.P186S variant confirmed in a European NF-1 patient with moyamoya syndrome, consistent with prior report of co-segregation as MMS modifier.",human tissue,39367156,39367156:full_text
MTOR,MTOR,gene,NF2-SWN,Ependymoma,1,full text - supported,1,0,0,1,0,1,0,Everolimus (mTOR inhibitor) plus selumetinib was given to this ependymoma-harboring patient but discontinued after 2 weeks due to grade III mucositis and rash before efficacy assessment.,human tissue,38058737,38058737:full_text
NF1,NF1,gene,NF1,Hematologic malignancies,1,full text - supported,1,0,0,1,0,1,0,"NF1 encodes neurofibromin, a Ras-GAP; loss causes Ras hyperactivation driving MAPK/AKT/mTOR signaling, producing neurofibromas, MPNST, optic/high-grade glioma, bone deformation, cognitive deficits, and myeloid malignancies via RAS dysregulation.",review,34072574,34072574:full_text
NF2,NF2,gene,NF2-SWN,Pulmonary disease,1,full text - supported,1,0,0,1,0,1,0,"Endothelial NF2 protein is strongly expressed in control pulmonary artery endothelium but weakly expressed in IPAH patient endothelium and cultured ECs, implicating NF2 loss in pulmonary vascular remodeling.",human tissue,34285798,34285798:full_text
NFKB (complex),NFKB1;NFKB2;RELA;RELB;REL,complex,NF1,Plexiform neurofibroma,1,full text - supported,1,0,0,1,0,1,0,"NF-κB pathway activated in PN Schwann cells and immune cells; nuclear p65 elevated in Nf1-mutant SCs, human PN tissue, and SCP-like colonies; IκB dominant-negative reduced Nf1-null sphere formation.",mouse model,36134665,36134665:full_text
NOTCH,NOTCH1;NOTCH2;NOTCH3;NOTCH4,family,NF1,Malignant peripheral nerve sheath tumor (MPNST),1,full text - supported,1,0,0,1,0,1,0,"PRC2 loss activates Notch pathway genes/proteins (NOTCH1/3, JAG1, HES1) in iHSCs and MPNST lines; gamma-secretase inhibitor nirogacestat inhibits Notch processing and synergizes with MEK inhibitor in MPNST cells.",cell line,39620202,39620202:full_text
ODC1,ODC1,gene,NF1,ANNUBP / atypical neurofibroma,1,full text - supported,1,0,0,1,0,1,0,"Tissue immunofluorescence showed ANNUBP tumors had the highest nuclear ODC activity (>10 nmol/min/ug) of all tumor types studied, suggesting lower likelihood of benefit from DFMO/ODC inhibition than lower-ODC tumors.",human tissue,42677329,42677329:full_text
ODC1,ODC1,gene,NF1,Malignant peripheral nerve sheath tumor (MPNST),1,full text - supported,1,0,0,1,0,1,0,"Nuclear ODC activity, measured by quantitative immunofluorescence on a tissue microarray, was low to moderate (<5 nmol/min/ug) in most MPNST samples, proposed as favorable for DFMO responsiveness.",human tissue,42677329,42677329:full_text
ODC1,ODC1,gene,NF1,Plexiform neurofibroma,1,full text - supported,1,0,0,1,0,1,0,"Grade 1 neurofibroma (NF) samples showed ODC activity mostly below 5 nmol/min/ug via tissue immunofluorescence, though one NF sample exceeded 10 nmol/min/ug, indicating heterogeneity within this tumor type.",human tissue,42677329,42677329:full_text
PARP1,PARP1,gene,NF1,Malignant peripheral nerve sheath tumor (MPNST),1,full text - supported,1,0,0,1,0,1,0,Olaparib (PARP1 inhibitor) combined with Selumetinib significantly suppressed tumor growth (61.6% reduction) in NF1-18B MPNST PDOX mouse model; PARylation loss confirmed target engagement.,mouse model,42310314,42310314:full_text
PDLIM2,PDLIM2,gene,NF2-SWN,Meningioma,1,full text - supported,1,0,0,1,0,1,0,PDLIM2 identified by proteomics as upregulated in Merlin-deficient primary meningioma cells and Ben-Men-1 vs meningeal cells; validated by Western blot; shRNA knockdown significantly reduced Ki-67+ proliferation in primary meningioma cells.,human tissue,28126595,28126595:full_text
PDLIM2,PDLIM2,gene,NF2-SWN,Non-vestibular schwannoma,1,full text - supported,1,0,0,1,0,1,0,PDLIM2 identified by proteomics/phospho-proteomics as upregulated in Merlin-deficient primary schwannoma vs Schwann cells; validated by Western blot; shRNA knockdown significantly reduced Ki-67+ proliferation in primary schwannoma cells.,human tissue,28126595,28126595:full_text
PEBP1,PEBP1,gene,NF2-SWN,Vestibular schwannoma,1,full text - supported,1,0,0,1,0,1,0,"Merlin loss triggers TβR1-mediated phosphorylation/degradation of RKIP; RKIP-stabilizing agents Nf18001 and PRG-N-01 inhibit tumor growth, promote Schwann cell differentiation, and shrink vestibular nerve tumors in preclinical/trial models.",mouse model,38928264,38928264:full_text
PEBP1,PEBP1,gene,NF2-SWN,Non-vestibular schwannoma,1,full text - supported,1,0,0,1,0,1,0,"PRG-N-01 binds TβR1 kinase domain (230-322), blocking TβR1-RKIP interaction and preventing RKIP phosphorylation/degradation, restoring RKIP levels and suppressing NF2-deficient schwannoma growth in vivo and in vitro.",mouse model,39731295,39731295:full_text
POSTN,POSTN,gene,NF1,Plexiform neurofibroma,1,full text - supported,1,0,0,1,0,1,0,"Postn is the top marker gene of the de novo SCP-like Schwann cell population in mouse PNs, also elevated in NMSCs, and described as a sustained injury-response gene.",mouse model,36134665,36134665:full_text
PP2A,PPP2CA;PPP2CB;PPP2R1A,complex,NF1,Plexiform neurofibroma,1,full text - supported,1,0,0,1,0,1,0,"PP2A A (PPP2R1A/B) and C (PPP2CA) subunit expression and phosphatase activity are reduced in human/mouse neurofibroma tissue and Schwann cells; FTY720 restores PP2A activity, inhibits sphere formation/proliferation, induces apoptosis, and reduces tumor number in mice.",mouse model,42116118,42116118:full_text
PROS1,PROS1,gene,NF1,Plexiform neurofibroma,1,full text - supported,1,0,0,1,0,1,0,"PROS1 is expressed by stromal, immune, and some Schwann cells; CellPhoneDB predicts PROS1 signals via AXL to SCP-like cells, other SC types, and stromal/immune cells in PN.",computational,36134665,36134665:full_text
PTPN11,PTPN11,gene,NF1,Malignant peripheral nerve sheath tumor (MPNST),1,full text - supported,1,0,0,1,0,1,0,"SHP2 inhibition (SHP099) lowers RAS-GTP, blocks RAF/MEK/ERK signaling, suppresses MPNST cell growth and tumor volume, extends survival in allograft and PDX models; combination with hydroxychloroquine prevents/delays resistance.",mouse model,39793045,39793045:full_text
RABL6A,RABL6,gene,NF1,Malignant peripheral nerve sheath tumor (MPNST),1,full text - supported,1,0,0,1,0,1,0,"RABL6A is an oncogenic GTPase essential for MPNST progression, inactivating RB1 by hyperactivating CDKs (via p27 loss) and activating MEK/Myc, sensitizing cells to CDK4/6 inhibitors.",review,33456709,33456709:full_text
RB/E2F,RB1;E2F1,pathway,NF1,Malignant peripheral nerve sheath tumor (MPNST),1,full text - supported,1,0,0,1,0,1,0,"HuR binds CCND1, CCND2, CDK2, CDK6, p27, E2F1, E2F2, E2F3 mRNAs; HuR silencing reduces cyclin/CDK/E2F protein levels and E2F-driven signatures, driving G1 cell cycle arrest in MPNST cells.",cell line,32315290,32315290:full_text
RB1,RB1,gene,NF1,Malignant peripheral nerve sheath tumor (MPNST),1,full text - supported,1,0,0,1,0,1,0,"RB1 tumor suppressor is inactivated by RABL6A-driven CDK hyperactivation in MPNSTs; reactivating RB1 via CDK4/6 inhibition is proposed as therapeutic strategy, though RB1 remains genetically wild-type.",review,33456709,33456709:full_text
RECQL4,RECQL4,gene,NF1,Malignant peripheral nerve sheath tumor (MPNST),1,full text - supported,1,0,0,1,0,1,0,"RECQL4 knockdown in NF1-associated MPNST cell lines (NF90-8, ST88-14) increased apoptosis and sensitized cells to ATR inhibitors; NF1-MPNST tissue showed lower RECQL4 expression.",cell line,41317405,41317405:full_text
RNF213,RNF213,gene,NF1,Other,1,full text - supported,1,0,0,1,0,1,0,"RNF213 p.R4810K variant confirmed in Japanese NF-1 patients with moyamoya syndrome, consistent with its role as MMD/MMS susceptibility variant.",human tissue,39367156,39367156:full_text
SHH,SHH,gene,NF1,Malignant peripheral nerve sheath tumor (MPNST),1,full text - supported,1,0,0,1,0,1,0,"SHH pathway genes (SHH, SMO, GLI1) and reduced PTCH1 are transcriptionally activated/derepressed in PRC2-deficient NF1-mutant iHSCs, linking SHH activation to MPNST pathogenesis subgroup.",cell line,39620202,39620202:full_text
SMARCB1,SMARCB1,gene,SWN,Meningioma,1,full text - supported,1,0,0,1,0,1,0,Germline SMARCB1 inactivation plus loss of chromosome 22 and somatic NF2 mutation (four-hit model) drives SWN schwannomas; SMARCB1 germline mutations also predispose to rhabdoid tumors; INI1 loss aids diagnosis.,review,34072574,34072574:full_text
SMARCB1,SMARCB1,gene,SWN,Other,1,full text - supported,1,0,0,1,0,1,0,Germline SMARCB1 inactivation plus loss of chromosome 22 and somatic NF2 mutation (four-hit model) drives SWN schwannomas; SMARCB1 germline mutations also predispose to rhabdoid tumors; INI1 loss aids diagnosis.,review,34072574,34072574:full_text
SOS1,SOS1,gene,NF1,Plexiform neurofibroma,1,full text - supported,1,0,0,1,0,1,0,"Pharmacologic SOS1 inhibition shows limited biochemical efficacy alone in iPN and pNF/MPNST lines; efficacy is significantly improved when SOS2 is co-repressed via CRISPRi, indicating SOS2 compensation limits SOS1 blockade.",cell line,40587782,40587782:full_text
SOS1,SOS1,gene,NF1,Malignant peripheral nerve sheath tumor (MPNST),1,full text - supported,1,0,0,1,0,1,0,"Pharmacologic SOS1 inhibition shows limited biochemical efficacy alone in iPN and pNF/MPNST lines; efficacy is significantly improved when SOS2 is co-repressed via CRISPRi, indicating SOS2 compensation limits SOS1 blockade.",cell line,40587782,40587782:full_text
SOS2,SOS2,gene,NF1,Other,1,full text - supported,1,0,0,1,0,1,0,"CRISPRi sgSOS2 repression alone does not alter iPN growth but significantly improves biochemical response to SOS1 inhibitor treatment, indicating SOS2 compensates for and limits SOS1 inhibition efficacy.",cell line,40587782,40587782:full_text
SPP1,SPP1,gene,NF1,Malignant peripheral nerve sheath tumor (MPNST),1,full text - supported,1,0,0,1,0,1,0,SPP1 expression rises with tumor severity; SPP1 highly expressed in a distinct macrophage subset (MAC-3) dominant sender in MPNST; Spp1 knockout extends survival in cisNf1+/-;Trp53+/- MPNST mice.,mouse model,41053414,41053414:full_text
SPP1,SPP1,gene,NF1,Plexiform neurofibroma,1,full text - supported,1,0,0,1,0,1,0,"SPP1 initiated autocrine by SCP-like tumor cells in pNF; pre-tumor DhhCre;Nf1-/- DRG shows elevated Spp1 in Nes+ SCL cells versus control, an early tumorigenic event; confirmed spatially with CD44/NES/ERBB3 co-localization.",human tissue,41053414,41053414:full_text
STAT3,STAT3,gene,NF1,Plexiform neurofibroma,1,full text - supported,1,0,0,1,0,1,0,"FLLL32 (JAK2/STAT3 inhibitor) reduced neurofibroma volume, suppressed macrophage and Schwann cell proliferation, lowered macrophage numbers, and decreased chemokines (Ccl2, Ccl6, Ccl12, Ccl22) in mouse neurofibromas.",mouse model,30542122,30542122:full_text
TEAD,TEAD1;TEAD2;TEAD3;TEAD4,family,NF2-SWN,Meningioma,1,full text - supported,1,0,0,1,0,1,0,Pan-TEAD auto-palmitoylation inhibitors (VT1/VT2/VT3) significantly inhibit proliferation of human NF2-null meningioma cells and cell lines in vitro.,cell line,36148553,36148553:full_text
TEAD,TEAD1;TEAD2;TEAD3;TEAD4,family,NF2-SWN,Vestibular schwannoma,1,full text - supported,1,0,0,1,0,1,0,"TEAD auto-palmitoylation inhibitors VT1/VT2 block proliferation and cause regression (shrinkage) plus increased apoptosis of vestibular schwannoma tumours in NF2-null mice in vivo, and reduce human schwannoma cell proliferation.",mouse model,36148553,36148553:full_text
TGFB1,TGFB1,gene,NF1,Plexiform neurofibroma,1,full text - supported,1,0,0,1,0,1,0,"Conditional TGFβ1 overexpression in Nf1-deficient Schwann cells (Hoxb7-Cre) increased PNF burden, DRG volume, decreased survival, and drove malignant transformation to MPNST in vivo, with elevated BM proteins.",mouse model,40540562,40540562:full_text
TGFB1,TGFB1,gene,NF1,Malignant peripheral nerve sheath tumor (MPNST),1,full text - supported,1,0,0,1,0,1,0,"Conditional TGFβ1 overexpression in Nf1-deficient Schwann cells (Hoxb7-Cre) increased PNF burden, DRG volume, decreased survival, and drove malignant transformation to MPNST in vivo, with elevated BM proteins.",mouse model,40540562,40540562:full_text
TGFBR1,TGFBR1,gene,NF2-SWN,Non-vestibular schwannoma,1,full text - supported,1,0,0,1,0,1,0,"PRG-N-01 directly binds the TβR1 kinase domain (aa230-322), blocking aberrant TβR1-RKIP interaction without affecting canonical TGF-β signaling, thereby preventing RKIP degradation and suppressing DRG schwannoma growth.",mouse model,39731295,39731295:full_text
TGFBR1,TGFBR1,gene,NF1,Plexiform neurofibroma,1,full text - supported,1,0,0,1,0,1,0,"Galunisertib (TGFβRI inhibitor) reduced PNF number, tumor diameter, tumor burden index, collagen, and basement membrane proteins (LAMB1, NID1, LAMC) in Nf1 mutant mice.",mouse model,40540562,40540562:full_text
TNFRSF10B,TNFRSF10B,gene,NF2-SWN,Non-vestibular schwannoma,1,full text - supported,1,0,0,1,0,1,0,"Fimepinostat upregulates TRAIL R2 protein and transcript, contributing to caspase-3-dependent apoptosis, in schwannoma model cells including NCH1 spinal (non-vestibular) cells.",cell line,41898501,41898501:full_text
TNFRSF10B,TNFRSF10B,gene,NF2-SWN,Vestibular schwannoma,1,full text - supported,1,0,0,1,0,1,0,"Fimepinostat upregulates TRAIL R2 protein and gene expression in HS02/HS05 and patient-derived vestibular schwannoma cells, contributing to caspase-3-dependent apoptosis.",cell line,41898501,41898501:full_text
TNFRSF1A,TNFRSF1A,gene,NF2-SWN,Non-vestibular schwannoma,1,full text - supported,1,0,0,1,0,1,0,Fimepinostat downregulates TNFR1 protein (Western blot) and gene expression (RT-qPCR) by 16h treatment in schwannoma model cells including NCH1 (non-vestibular).,cell line,41898501,41898501:full_text
TNFRSF1A,TNFRSF1A,gene,NF2-SWN,Vestibular schwannoma,1,full text - supported,1,0,0,1,0,1,0,"Fimepinostat downregulates TNFR1 protein and transcript by 16h in HS02/HS05 model cells, part of pro-apoptotic signaling in vestibular schwannoma models.",cell line,41898501,41898501:full_text
VEGFA,VEGFA,gene,NF1,Other,1,full text - supported,1,0,0,1,0,1,0,"VEGF stimulation transiently suppresses neurofibromin expression, correlating with Erk/Akt activation and enhanced endothelial proliferation, network formation, and retinal neovascularization in Nf1-deficient models.",cell line,29847659,29847659:full_text
WNT/β-catenin,CTNNB1;GSK3B;APC;LRP5;LRP6,pathway,NF1,Malignant peripheral nerve sheath tumor (MPNST),1,full text - supported,1,0,0,1,0,1,0,"HuR binds CTNNB1 and BCL9 mRNAs; HuR silencing lowers β-catenin, BCL9, MYC, SOX9, AURKA/B; constitutively active β-catenin partially rescues growth suppression from HuR silencing in MPNST cells.",cell line,32315290,32315290:full_text
Wnt/β-catenin,CTNNB1;GSK3B;APC;LRP5;LRP6,pathway,NF2-SWN,Meningioma,1,full text - supported,1,0,0,1,0,1,0,"Merlin loss activates Wnt/β-catenin via CBP-β-catenin/FOXM1 axis promoting meningioma growth; ICG-001 disrupts CBP-β-catenin interaction, reducing tumor growth in vitro and PDX.",cell line,32642722,32642722:full_text
YAP1,YAP1,gene,NF2-SWN,Meningioma,1,full text - supported,1,0,0,1,0,1,0,"Merlin deficiency in meningioma cells increases YAP expression and nuclear localization, driving proliferation; YAP knockdown alleviates merlin-deficient proliferation, and low-merlin regions of NF2-positive meningiomas show more nuclear YAP.",cell line,38928264,38928264:full_text
YAP1,YAP1,gene,NF2-SWN,Non-vestibular schwannoma,1,full text - supported,1,0,0,1,0,1,0,"Fimepinostat reduces YAP levels in HS02/HS05 cells and NCH1 spinal (non-vestibular) schwannoma model, implicated in cell death signaling downstream of merlin loss.",cell line,41898501,41898501:full_text
YAP1/WWTR1 (YAP/TAZ),YAP1;WWTR1,family,NF1,Malignant peripheral nerve sheath tumor (MPNST),1,full text - supported,1,0,0,1,0,1,0,"HuR binds YAP1, TEAD1, TEAD2 mRNAs; HuR silencing reduces YAP/TAZ pathway protein levels and downstream target gene expression, anticorrelating with YAP/TAZ hyperactivation signatures in MPNST cells.",cell line,32315290,32315290:full_text
YAP1/WWTR1 (YAP/TAZ),YAP1;WWTR1,family,NF2-SWN,Meningioma,1,full text - supported,1,0,0,1,0,1,0,"YAP/TAZ knockdown reduces proliferation of NF2-null BenMen-1 meningioma cells; TAZ drives ALDH1A1 expression, showing YAP/TAZ act as growth drivers in meningioma cells.",cell line,36148553,36148553:full_text
KIT,KIT,gene,NF1,Gastrointestinal stromal tumor (GIST),7,full text - partial,0,3,1,4,3,4,0,"Case report: imatinib (a KIT inhibitor, used for patient's c-Kit-expressing GIST) slightly reduced new c-NF development but increased size of pre-existing c-NFs; KIT involvement in c-NFs is speculative, not directly measured.",clinical trial;human tissue,24426628;29441367;33235741;34274754;35282706;35284800;40106943,24426628:abstract_only;29441367:abstract_only;33235741:full_text;34274754:full_text;35282706:abstract_only;35284800:full_text;40106943:full_text
MAP2K1/2 (MEK1/2),MAP2K1;MAP2K2,family,NF1,Other,7,full text - not supported,0,0,4,4,3,4,0,"Selumetinib (MEK1/2 inhibitor) is approved for NF1 pNFs; sgNF1 iPNs show decreased pERK sensitivity/altered pMEK feedback vs controls. No endothelial cells, retinal neovascularization, or Ras-Akt vascular mechanism appear anywhere in this paper.",cell line;clinical trial;human tissue,29249250;29847659;38975694;40252783;40587782;41256734;42176046,29249250:abstract_only;29847659:full_text;38975694:full_text;40252783:abstract_only;40587782:full_text;41256734:full_text;42176046:abstract_only
EED,EED,gene,NF1,Malignant peripheral nerve sheath tumor (MPNST),5,full text - partial,0,2,0,2,3,1,1,"EED/PRC2 loss impairs Schwann cell proliferation and delays axon regeneration after nerve injury in mouse Eed cKO; MPNST link is discussion-based, citing prior literature that PRC2 loss co-occurs with NF1/CDKN2A/TP53 alterations in human MPNSTs, not directly tested in this study's model.",mouse model;review,28124441;30306639;33588442;34283254;39500722,28124441:abstract_only;30306639:full_text;33588442:abstract_only;34283254:abstract_only;39500722:full_text
RAS (pan),HRAS;KRAS;NRAS,family,NF1,Malignant peripheral nerve sheath tumor (MPNST),5,full text - partial,0,1,1,2,3,2,0,Review states neurofibromin downregulates Ras signaling generally; no MPNST-specific RAS mechanism or manifestation data provided for this target-disease pair.,human tissue;review,12432832;25917340;33641042;36139671;41256734,12432832:abstract_only;25917340:abstract_only;33641042:abstract_only;36139671:full_text;41256734:full_text
LZTR1,LZTR1,gene,SWN,Pain,3,full text - partial,0,1,0,1,2,1,0,"Paper reports germline LZTR1 mutations in 24.4% (41/168) of sporadic schwannomatosis patients, uniformly distributed across domains; cites 24 SMARCB1-negative schwannomatosis families with LZTR1 variants; invokes two-hit hypothesis.",review,33263426;34113392;38884429,33263426:abstract_only;34113392:full_text;38884429:abstract_only
MAPK pathway,RAF1;BRAF;ARAF;MAP2K1;MAP2K2;MAPK1;MAPK3,pathway,NF1,Malignant peripheral nerve sheath tumor (MPNST),3,full text - partial,0,1,0,1,2,1,0,"This paper's own MPNST cell-line data show MAP3K8 gained rhythmic expression only in S462; MAPK pathway's role in NF1 circadian regulation is cited from prior animal/Drosophila studies, not directly tested here.",cell line,20043723;24470531;41001593,20043723:abstract_only;24470531:abstract_only;41001593:full_text
MTOR,MTOR,gene,NF1,Malignant peripheral nerve sheath tumor (MPNST),3,abstract only,0,0,0,0,3,0,0,,,20043723;24470531;41504652,20043723:abstract_only;24470531:abstract_only;41504652:abstract_only
NF1,NF1,gene,NF1,Gastrointestinal stromal tumor (GIST),3,abstract only,0,0,0,0,3,0,0,,,20043105;32927517;41288319,20043105:abstract_only;32927517:abstract_only;41288319:abstract_only
NF2,NF2,gene,NF2-SWN,Other,3,full text - not supported,0,0,2,2,1,2,0,"Paper shows human NF2 protein forms solid-like condensates requiring PI4P binding and PTPN14 promotes NF2 medial apical localization in MDCK cells; no schwannoma, hearing loss, or vestibular phenotype studied.",cell line;mouse model,31341276;33850002;39116228,31341276:full_text;33850002:abstract_only;39116228:full_text
SMARCB1,SMARCB1,gene,SWN,Pain,3,full text - partial,0,1,0,1,2,1,0,"SMARCB1 variants cause a schwannomatosis subset with increased malignancy/MPNST risk; the paper attributes prominent pain and unilateral vestibular schwannoma risk specifically to LZTR1, not SMARCB1.",review,33263426;35361920;38884429,33263426:abstract_only;35361920:full_text;38884429:abstract_only
AURKA,AURKA,gene,NF1,Malignant peripheral nerve sheath tumor (MPNST),2,abstract only,0,0,0,0,2,0,0,,,24470531;32266095,24470531:abstract_only;32266095:abstract_only
BMPR2,BMPR2,gene,NF1,Pulmonary disease,2,full text - partial,0,1,0,1,1,1,0,"BMPR2 p.M365I variant from NF-1 patient showed partial loss of BMP4-induced luciferase activity, cell-surface expression preserved; PAH-gene modifier of moyamoya syndrome.",cell line,17573495;39367156,17573495:abstract_only;39367156:full_text
LZTR1,LZTR1,gene,SWN,Vestibular schwannoma,2,abstract only,0,0,0,0,2,0,0,,,25480913;31425178,25480913:abstract_only;31425178:abstract_only
MAP2K1/2 (MEK1/2),MAP2K1;MAP2K2,family,NF1,Bone defects,2,abstract only,0,0,0,0,2,0,0,,,35788692;38924432,35788692:abstract_only;38924432:abstract_only
MAP2K1/2 (MEK1/2),MAP2K1;MAP2K2,family,NF1,High grade glioma,2,abstract only,0,0,0,0,2,0,0,,,38714355;40252783,38714355:abstract_only;40252783:abstract_only
NFKB1,NFKB1,gene,NF1,Malignant peripheral nerve sheath tumor (MPNST),2,abstract only,0,0,0,0,2,0,0,,,28314790;31197610,28314790:abstract_only;31197610:abstract_only
PDGFRA,PDGFRA,gene,NF1,Gastrointestinal stromal tumor (GIST),2,abstract only,0,0,0,0,2,0,0,,,29441367;35282706,29441367:abstract_only;35282706:abstract_only
PTK2 (FAK),PTK2,gene,NF2-SWN,Meningioma,2,full text - partial,0,1,0,1,1,1,0,"FAK/p-FAK were quantified by immunoblot in IOMM-Lee malignant meningioma cells; FAK significantly decreased at high glucose+MGO, p-FAK decreased with MGO at low and high glucose. Used as readout, not a therapeutic target.",cell line,33753124;39337558,33753124:abstract_only;39337558:full_text
RAS (pan),HRAS;KRAS;NRAS,family,NF1,Optic pathway glioma,2,abstract only,0,0,0,0,2,0,0,,,12432832;25917340,12432832:abstract_only;25917340:abstract_only
SOX10,SOX10,gene,NF1,Malignant peripheral nerve sheath tumor (MPNST),2,full text - partial,0,1,0,1,1,1,0,"SOX10 silencing via chromatin closure occurs in 3KO NC model representing early MPNST-like stage; ANNUBP samples show high SOX10 expression in glial component, not silencing.",human tissue,34432163;42310314,34432163:abstract_only;42310314:full_text
TP53,TP53,gene,NF1,ANNUBP / atypical neurofibroma,2,abstract only,0,0,0,1,1,0,0,,,28551330;42135588,28551330:full_text;42135588:abstract_only
VEGFA,VEGFA,gene,NF1,Optic pathway glioma,2,full text - partial,0,1,0,1,1,1,0,"Angiogenesis via VEGF contributes to LGG growth; anti-VEGF antibody bevacizumab produces rapid radiological response and visual improvement in progressive OPG, but high relapse rate after discontinuation.",review,35545829;37401302,35545829:full_text;37401302:abstract_only
VEGFA,VEGFA,gene,NF1,Non-optic LGG,2,full text - partial,0,1,0,1,1,1,0,"Angiogenesis via VEGF contributes to LGG growth; anti-VEGF antibody bevacizumab produces rapid radiological response and visual improvement in progressive OPG, but high relapse rate after discontinuation.",review,32601903;35545829,32601903:abstract_only;35545829:full_text
VEGFA,VEGFA,gene,NF2-SWN,Meningioma,2,abstract only,0,0,0,0,2,0,0,,,40434540;41250253,40434540:abstract_only;41250253:abstract_only
VEGFA,VEGFA,gene,NF2-SWN,Non-vestibular schwannoma,2,abstract only,0,0,0,0,2,0,0,,,28735458;40434540,28735458:abstract_only;40434540:abstract_only
ABL1,ABL1,gene,NF2-SWN,Non-vestibular schwannoma,1,abstract only,0,0,0,0,1,0,0,,,28735458,28735458:abstract_only
AKT-MTOR,AKT1;MTOR,pathway,NF1,Malignant peripheral nerve sheath tumor (MPNST),1,abstract only,0,0,0,0,1,0,0,,,37086345,37086345:abstract_only
AKT1,AKT1,gene,NF2-SWN,Vestibular schwannoma,1,abstract only,0,0,0,0,1,0,0,,,20511180,20511180:abstract_only
AKT1,AKT1,gene,NF1,Optic pathway glioma,1,abstract only,0,0,0,0,1,0,0,,,25534823,25534823:abstract_only
ALK,ALK,gene,NF1,Cognition / Behavioral / Learning,1,full text - partial,0,1,0,1,0,1,0,"dAlk/jeb identified as dNf1 growth-defect suppressors and NMJ synaptic overgrowth suppressors; NF1 knockdown made human neuroblastoma cells resistant to ALK inhibitors, showing conserved ALK/RAS/ERK signaling.",review,25054093,25054093:full_text
APOCYNIN,CYBB;NCF1,drug,NF1,Cardiovascular issues,1,abstract only,0,0,0,0,1,0,0,,,24370551,24370551:abstract_only
AR,AR,gene,NF1,Cutaneous neurofibroma,1,abstract only,0,0,0,0,1,0,0,,,31059067,31059067:abstract_only
ATR,ATR,gene,NF1,High grade glioma,1,full text - partial,0,1,0,1,0,1,0,"ATR inhibitors (AZD6738, VE-821) reduced survival in glioma cells (U251), with RECQL4-knockdown cells showing greater sensitivity than controls.",cell line,41317405,41317405:full_text
BDNF,BDNF,gene,NF1,Other,1,abstract only,0,0,0,1,0,0,0,,,30306639,30306639:full_text
BEVACIZUMAB,VEGFA,drug,NF2-SWN,Vestibular schwannoma,1,abstract only,0,0,0,0,1,0,0,,,31425178,31425178:abstract_only
BIRC5,BIRC5,gene,NF1,Plexiform neurofibroma,1,abstract only,0,0,0,1,0,0,0,,,38127282,38127282:full_text
BORC,BLOC1S1;BLOC1S2;BORCS5;BORCS6;BORCS7;BORCS8;SNAPIN;KXD1,complex,NF1,High grade glioma,1,full text - partial,0,1,0,1,0,1,0,"NF1-deficient plexiform-neurofibroma-derived Schwann cells (ipNF95.11b 'C') showed greater Y102 sensitivity than the NF1-heterozygous counterpart, but BORC mechanistic studies (knockdown, proteomics, imaging) were done only in U87-MG glioma cells, not in Schwann/PN cells.",cell line,39016685,39016685:full_text
BORC,BLOC1S1;BLOC1S2;BORCS5;BORCS6;BORCS7;BORCS8;SNAPIN;KXD1,complex,NF1,Malignant peripheral nerve sheath tumor (MPNST),1,full text - partial,0,1,0,1,0,1,0,"NF1-deficient MPNST line sNF96.2 was sensitive to Y102 in a growth assay, but all BORC-specific mechanistic work (proteomics, CETSA, BORCS6 knockdown, colocalization) was performed only in U87-MG glioma cells, not in MPNST cells.",cell line,39016685,39016685:full_text
BORC,BLOC1S1;BLOC1S2;BORCS5;BORCS6;BORCS7;BORCS8;SNAPIN;KXD1,complex,NF1,Plexiform neurofibroma,1,full text - partial,0,1,0,1,0,1,0,"NF1-deficient plexiform-neurofibroma-derived Schwann cells (ipNF95.11b 'C') showed greater Y102 sensitivity than the NF1-heterozygous counterpart, but BORC mechanistic studies (knockdown, proteomics, imaging) were done only in U87-MG glioma cells, not in Schwann/PN cells.",cell line,39016685,39016685:full_text
BRAF,BRAF,gene,NF1,Gastrointestinal stromal tumor (GIST),1,abstract only,0,0,0,0,1,0,0,,,29441367,29441367:abstract_only
CCL5,CCL5,gene,NF1,Cutaneous neurofibroma,1,abstract only,0,0,0,0,1,0,0,,,32323813,32323813:abstract_only
CCR5,CCR5,gene,NF1,Cutaneous neurofibroma,1,abstract only,0,0,0,0,1,0,0,,,32323813,32323813:abstract_only
CDKN1A,CDKN1A,gene,NF1,Cognition / Behavioral / Learning,1,abstract only,0,0,0,0,1,0,0,,,29925695,29925695:abstract_only
CDKN1A,CDKN1A,gene,NF1,Cutaneous neurofibroma,1,abstract only,0,0,0,0,1,0,0,,,29925695,29925695:abstract_only
CDKN1A,CDKN1A,gene,NF1,Pain,1,abstract only,0,0,0,0,1,0,0,,,29925695,29925695:abstract_only
CDKN1A,CDKN1A,gene,NF2-SWN,Vestibular schwannoma,1,abstract only,0,0,0,0,1,0,0,,,39647233,39647233:abstract_only
CDKN2A,CDKN2A,gene,NF1,Other,1,abstract only,0,0,0,1,0,0,0,,,30306639,30306639:full_text
CDKN2A,CDKN2A,gene,NF1,Plexiform neurofibroma,1,abstract only,0,0,0,1,0,0,0,,,32816910,32816910:full_text
CDKN2A/B,CDKN2A;CDKN2B,family,NF1,Malignant peripheral nerve sheath tumor (MPNST),1,abstract only,0,0,0,0,1,0,0,,,33588442,33588442:abstract_only
CDKN2B,CDKN2B,gene,NF1,Malignant peripheral nerve sheath tumor (MPNST),1,abstract only,0,0,0,0,1,0,0,,,21987445,21987445:abstract_only
CDKN2B,CDKN2B,gene,NF1,ANNUBP / atypical neurofibroma,1,abstract only,0,0,0,0,1,0,0,,,21987445,21987445:abstract_only
CENPF,CENPF,gene,NF1,Malignant peripheral nerve sheath tumor (MPNST),1,abstract only,0,0,0,1,0,0,0,,,38127282,38127282:full_text
CGAS-STING,CGAS;STING1,pathway,NF2-SWN,Vestibular schwannoma,1,abstract only,0,0,0,0,1,0,0,,,34453890,34453890:abstract_only
CIP2A,CIP2A,gene,NF2-SWN,Meningioma,1,abstract only,0,0,0,0,1,0,0,,,25012485,25012485:abstract_only
CPA4,CPA4,gene,NF2-SWN,Meningioma,1,abstract only,0,0,0,0,1,0,0,,,42620117,42620117:abstract_only
CREB,CREB1,gene,NF2-SWN,Meningioma,1,full text - partial,0,1,0,1,0,1,0,"ICG-001 inhibits CBP-β-catenin interaction, induces G1 arrest and p21 up/survivin down, suppressing NF2-mutant meningioma growth in vitro and in PDX.",cell line,32642722,32642722:full_text
CSF1R,CSF1R,gene,NF1,Optic pathway glioma,1,abstract only,0,0,0,0,1,0,0,,,42482124,42482124:abstract_only
CXCL10,CXCL10,gene,NF1,Plexiform neurofibroma,1,abstract only,0,0,0,0,1,0,0,,,30728335,30728335:abstract_only
CXCR3,CXCR3,gene,NF1,Plexiform neurofibroma,1,abstract only,0,0,0,0,1,0,0,,,30728335,30728335:abstract_only
Cholesterol biosynthesis,HMGCR;HMGCS1;SQLE;FDFT1,pathway,NF1,Optic pathway glioma,1,abstract only,0,0,0,0,1,0,0,,,42482124,42482124:abstract_only
DLK1,DLK1,gene,NF1,Malignant peripheral nerve sheath tumor (MPNST),1,abstract only,0,0,0,0,1,0,0,,,40063513,40063513:abstract_only
DLX5,DLX5,gene,NF1,Malignant peripheral nerve sheath tumor (MPNST),1,abstract only,0,0,0,0,1,0,0,,,34283254,34283254:abstract_only
DPYSL2,DPYSL2,gene,NF1,Pain,1,abstract only,0,0,0,1,0,0,0,,,31246731,31246731:full_text
EED,EED,gene,NF1,Other,1,abstract only,0,0,0,1,0,0,0,,,30306639,30306639:full_text
EGFR,EGFR,gene,NF1,Malignant peripheral nerve sheath tumor (MPNST),1,abstract only,0,0,0,0,1,0,0,,,37677047,37677047:abstract_only
EGFR,EGFR,gene,NF1,Plexiform neurofibroma,1,abstract only,0,0,0,0,1,0,0,,,39094827,39094827:abstract_only
EGFR,EGFR,gene,NF2-SWN,Non-vestibular schwannoma,1,abstract only,0,0,0,0,1,0,0,,,28735458,28735458:abstract_only
EGFR,EGFR,gene,NF2-SWN,Meningioma,1,abstract only,0,0,0,0,1,0,0,,,29948766,29948766:abstract_only
EPHB1,EPHB1,gene,NF2-SWN,Meningioma,1,abstract only,0,0,0,0,1,0,0,,,29982664,29982664:abstract_only
ERBB2,ERBB2,gene,NF2-SWN,Vestibular schwannoma,1,abstract only,0,0,0,0,1,0,0,,,20511180,20511180:abstract_only
ERBB2,ERBB2,gene,NF2-SWN,Meningioma,1,abstract only,0,0,0,0,1,0,0,,,29948766,29948766:abstract_only
EVI2B,EVI2B,gene,NF1,Cutaneous neurofibroma,1,abstract only,0,0,0,0,1,0,0,,,37584733,37584733:abstract_only
EVI2B,EVI2B,gene,NF1,Hematologic malignancies,1,abstract only,0,0,0,0,1,0,0,,,37584733,37584733:abstract_only
EVI2B,EVI2B,gene,NF1,Plexiform neurofibroma,1,abstract only,0,0,0,0,1,0,0,,,37584733,37584733:abstract_only
FAIM2,FAIM2,gene,NF1,Malignant peripheral nerve sheath tumor (MPNST),1,abstract only,0,0,0,0,1,0,0,,,31197610,31197610:abstract_only
FER,FER,gene,NF2-SWN,Non-vestibular schwannoma,1,full text - partial,0,1,0,1,0,1,0,Kinome profiling shows brigatinib inhibits FER in Schwann cell lines (HS01/HS11) and validated by NanoBRET; not shown in vestibular schwannoma tumors specifically.,cell line,34264955,34264955:full_text
FGFR,FGFR1;FGFR2;FGFR3;FGFR4,family,NF1,Plexiform neurofibroma,1,full text - partial,0,1,0,1,0,1,0,CellPhoneDB predicts FGF1/FGF2 from MSC2 Schwann cells act on unspecified receptors on stromal cell populations; individual FGFR1-4 genes are never named or discussed in the text.,computational,36134665,36134665:full_text
FGFRS,FGFR1;FGFR2;FGFR3;FGFR4,family,NF2-SWN,Meningioma,1,abstract only,0,0,0,0,1,0,0,,,32441531,32441531:abstract_only
FLT1,FLT1,gene,NF2-SWN,Vestibular schwannoma,1,abstract only,0,0,0,0,1,0,0,,,32470937,32470937:abstract_only
GDNF,GDNF,gene,NF1,Other,1,abstract only,0,0,0,1,0,0,0,,,30306639,30306639:full_text
GFRA1,GFRA1,gene,NF1,Pain,1,abstract only,0,0,0,0,1,0,0,,,42189937,42189937:abstract_only
HDAC2,HDAC2,gene,NF2-SWN,Vestibular schwannoma,1,abstract only,0,0,0,0,1,0,0,,,35761463,35761463:abstract_only
HIF-1α,HIF1A,gene,NF1,Malignant peripheral nerve sheath tumor (MPNST),1,full text - partial,0,1,0,1,0,1,0,"RNA-seq (6h FT895 treatment) showed HIF-1α signaling pathway among top enriched KEGG pathways, correlating with observed mitochondrial respiratory impairment; not shown as an activating driver.",cell line,38203448,38203448:full_text
HRAS,HRAS,gene,NF1,Other,1,abstract only,0,0,0,1,0,0,0,,,27269372,27269372:full_text
HRAS,HRAS,gene,NF1,Malignant peripheral nerve sheath tumor (MPNST),1,abstract only,0,0,0,0,1,0,0,,,39483902,39483902:abstract_only
HYALURONAN,,other,NF2-SWN,Vestibular schwannoma,1,abstract only,0,0,0,0,1,0,0,,,30145722,30145722:abstract_only
IAPS,BIRC2;BIRC3;BIRC5;XIAP,family,NF1,Malignant peripheral nerve sheath tumor (MPNST),1,abstract only,0,0,0,0,1,0,0,,,24470531,24470531:abstract_only
IDH1,IDH1,gene,NF1,Other,1,full text - partial,0,1,0,1,0,1,0,"IDH1 mutation found in this patient's cholangiocarcinoma tissue via molecular testing; identified as an actionable therapeutic target (e.g., ivosidenib class) informing personalized management, but no NF1-IDH1 mechanistic link established.",human tissue,41589090,41589090:full_text
IGF1,IGF1,gene,NF1,Optic pathway glioma,1,abstract only,0,0,0,0,1,0,0,,,40400261,40400261:abstract_only
IRF3,IRF3,gene,NF2-SWN,Vestibular schwannoma,1,abstract only,0,0,0,0,1,0,0,,,34453890,34453890:abstract_only
KDM2B,KDM2B,gene,NF1,Malignant peripheral nerve sheath tumor (MPNST),1,abstract only,0,0,0,0,1,0,0,,,28124441,28124441:abstract_only
KIF18A,KIF18A,gene,NF1,Malignant peripheral nerve sheath tumor (MPNST),1,abstract only,0,0,0,0,1,0,0,,,35261809,35261809:abstract_only
KIT,KIT,gene,NF1,Cutaneous neurofibroma,1,full text - partial,0,1,0,1,0,1,0,"Case report: imatinib (a KIT inhibitor, used for patient's c-Kit-expressing GIST) slightly reduced new c-NF development but increased size of pre-existing c-NFs; KIT involvement in c-NFs is speculative, not directly measured.",human tissue,33235741,33235741:full_text
KIT,KIT,gene,NF1,Plexiform neurofibroma,1,abstract only,0,0,0,0,1,0,0,,,22821631,22821631:abstract_only
KIT,KIT,gene,NF2-SWN,Non-vestibular schwannoma,1,abstract only,0,0,0,0,1,0,0,,,28735458,28735458:abstract_only
KIT,KIT,gene,NF2-SWN,Meningioma,1,abstract only,0,0,0,0,1,0,0,,,29982664,29982664:abstract_only
KITLG,KITLG,gene,NF1,Plexiform neurofibroma,1,abstract only,0,0,0,0,1,0,0,,,22821631,22821631:abstract_only
KRAS,KRAS,gene,NF1,Other,1,abstract only,0,0,0,1,0,0,0,,,27269372,27269372:full_text
KRAS,KRAS,gene,NF1,Gastrointestinal stromal tumor (GIST),1,abstract only,0,0,0,0,1,0,0,,,29441367,29441367:abstract_only
LGALS1,LGALS1,gene,NF1,Malignant peripheral nerve sheath tumor (MPNST),1,abstract only,0,0,0,0,1,0,0,,,39483902,39483902:abstract_only
LZTR1,LZTR1,gene,SWN,Malignant peripheral nerve sheath tumor (MPNST),1,abstract only,0,0,0,0,1,0,0,,,33588442,33588442:abstract_only
LZTR1,LZTR1,gene,SWN,Cutaneous neurofibroma,1,abstract only,0,0,0,0,1,0,0,,,39140257,39140257:abstract_only
MAP2K1/2 (MEK1/2),MAP2K1;MAP2K2,family,NF1,Hematologic malignancies,1,abstract only,0,0,0,0,1,0,0,,,35788692,35788692:abstract_only
MAP2K1/2 (MEK1/2),MAP2K1;MAP2K2,family,NF2-SWN,Non-vestibular schwannoma,1,full text - partial,0,1,0,1,0,1,0,"Selumetinib was given for the patient's schwannoma-neurofibroma tumors but these showed only stable disease, not partial response; the PR occurred in an ependymoma, not schwannoma.",human tissue,38058737,38058737:full_text
MAP2K1/2 (MEK1/2),MAP2K1;MAP2K2,family,NF2-SWN,Vestibular schwannoma,1,full text - partial,0,1,0,1,0,1,0,"Selumetinib was given while the patient's bilateral vestibular schwannomas were present, but imaging showed stable disease, not partial response; the PR was in an ependymoma.",human tissue,38058737,38058737:full_text
MAP2K1/2 (MEK1/2),MAP2K1;MAP2K2,family,NF1,Gastrointestinal stromal tumor (GIST),1,abstract only,0,0,0,0,1,0,0,,,35282706,35282706:abstract_only
MAPK pathway,RAF1;BRAF;ARAF;MAP2K1;MAP2K2;MAPK1;MAPK3,pathway,NF1,Cutaneous neurofibroma,1,abstract only,0,0,0,0,1,0,0,,,20043723,20043723:abstract_only
MAPK pathway,RAF1;BRAF;ARAF;MAP2K1;MAP2K2;MAPK1;MAPK3,pathway,NF1,Optic pathway glioma,1,abstract only,0,0,0,0,1,0,0,,,20043723,20043723:abstract_only
MAPK pathway,RAF1;BRAF;ARAF;MAP2K1;MAP2K2;MAPK1;MAPK3,pathway,NF1,Plexiform neurofibroma,1,abstract only,0,0,0,0,1,0,0,,,20043723,20043723:abstract_only
MAPK pathway,RAF1;BRAF;ARAF;MAP2K1;MAP2K2;MAPK1;MAPK3,pathway,NF1,Cardiovascular issues,1,abstract only,0,0,0,0,1,0,0,,,35156148,35156148:abstract_only
MAPK pathway,RAF1;BRAF;ARAF;MAP2K1;MAP2K2;MAPK1;MAPK3,pathway,NF1,Other,1,abstract only,0,0,0,1,0,0,0,,,23875798,23875798:full_text
MAPK1/3,MAPK1;MAPK3,family,NF1,Pain,1,abstract only,0,0,0,0,1,0,0,,,42189937,42189937:abstract_only
MAPK1/3 (ERK1/2),MAPK1;MAPK3,family,NF2-SWN,Vestibular schwannoma,1,abstract only,0,0,0,0,1,0,0,,,20511180,20511180:abstract_only
MAPK1/3 (ERK1/2),MAPK1;MAPK3,family,NF1,Cognition / Behavioral / Learning,1,abstract only,0,0,0,0,1,0,0,,,29925695,29925695:abstract_only
MAPK1/3 (ERK1/2),MAPK1;MAPK3,family,NF1,Cutaneous neurofibroma,1,abstract only,0,0,0,0,1,0,0,,,29925695,29925695:abstract_only
MAPK1/3 (ERK1/2),MAPK1;MAPK3,family,NF1,Pain,1,abstract only,0,0,0,0,1,0,0,,,29925695,29925695:abstract_only
MAPK1/3 (ERK1/2),MAPK1;MAPK3,family,NF1,Optic pathway glioma,1,abstract only,0,0,0,0,1,0,0,,,35419473,35419473:abstract_only
MDM2,MDM2,gene,NF1,Gastrointestinal stromal tumor (GIST),1,abstract only,0,0,0,0,1,0,0,,,41288319,41288319:abstract_only
MET,MET,gene,NF1,Plexiform neurofibroma,1,abstract only,0,0,0,0,1,0,0,,,33442015,33442015:abstract_only
MIR-612,MIR612,miRNA,NF1,Malignant peripheral nerve sheath tumor (MPNST),1,abstract only,0,0,0,0,1,0,0,,,31197610,31197610:abstract_only
MN1,MN1,gene,NF1,Malignant peripheral nerve sheath tumor (MPNST),1,abstract only,0,0,0,0,1,0,0,,,33109559,33109559:abstract_only
MTAP,MTAP,gene,NF1,ANNUBP / atypical neurofibroma,1,abstract only,0,0,0,0,1,0,0,,,41959302,41959302:abstract_only
MTAP,MTAP,gene,NF1,Malignant peripheral nerve sheath tumor (MPNST),1,abstract only,0,0,0,0,1,0,0,,,41959302,41959302:abstract_only
MTOR,MTOR,gene,NF1,High grade glioma,1,abstract only,0,0,0,0,1,0,0,,,20043723,20043723:abstract_only
MTOR,MTOR,gene,NF2-SWN,Non-vestibular schwannoma,1,abstract only,0,0,0,0,1,0,0,,,28735458,28735458:abstract_only
MYC,MYC,gene,NF1,Gastrointestinal stromal tumor (GIST),1,abstract only,0,0,0,0,1,0,0,,,41288319,41288319:abstract_only
NF1,NF1,gene,NF1,Pulmonary disease,1,abstract only,0,0,0,0,1,0,0,,,17573495,17573495:abstract_only
NF1,NF1,gene,NF1,Vestibular schwannoma,1,abstract only,0,0,0,0,1,0,0,,,33588442,33588442:abstract_only
NF1,NF1,gene,NF1,Non-optic LGG,1,abstract only,0,0,0,0,1,0,0,,,40241281,40241281:abstract_only
NF1,NF1,gene,NF1,Cardiovascular issues,1,abstract only,0,0,0,0,1,0,0,,,24370551,24370551:abstract_only
NF2,NF2,gene,NF2-SWN,Malignant peripheral nerve sheath tumor (MPNST),1,abstract only,0,0,0,0,1,0,0,,,33588442,33588442:abstract_only
NF2,NF2,gene,SWN,Other,1,abstract only,0,0,0,0,1,0,0,,,37937606,37937606:abstract_only
NF2,NF2,gene,NF2-SWN,Cardiovascular issues,1,abstract only,0,0,0,0,1,0,0,,,31425178,31425178:abstract_only
NF2,NF2,gene,SWN,Vestibular schwannoma,1,full text - partial,0,1,0,1,0,1,0,Independent somatic NF2 inactivation combined with SMARCB1/LZTR1 germline first hit drives schwannoma formation (mainly non-vestibular); mosaic NF2 separately overlaps with unilateral vestibular schwannoma cases.,review,35361920,35361920:full_text
NGF,NGF,gene,NF1,Optic pathway glioma,1,abstract only,0,0,0,0,1,0,0,,,37401302,37401302:abstract_only
NRG1,NRG1,gene,NF1,Other,1,abstract only,0,0,0,1,0,0,0,,,30306639,30306639:full_text
Oligodendrocyte differentiation (clemastine target),,other,NF1,Optic pathway glioma,1,abstract only,0,0,0,0,1,0,0,,,42482124,42482124:abstract_only
PAK1/2,PAK1;PAK2,family,NF2-SWN,Non-vestibular schwannoma,1,full text - partial,0,1,0,1,0,1,0,"PAK1/2 directly bind Merlin; PAK inhibition (FRAX-1036, G-5555, NVS-PAK1-1) reduces proliferation in NF2-deficient schwannoma cell lines, synergizing with TEAD inhibition.",cell line,39083549,39083549:full_text
PDGFRA,PDGFRA,gene,NF1,Malignant peripheral nerve sheath tumor (MPNST),1,abstract only,0,0,0,0,1,0,0,,,37677047,37677047:abstract_only
PDGFRA,PDGFRA,gene,NF2-SWN,Non-vestibular schwannoma,1,abstract only,0,0,0,0,1,0,0,,,28735458,28735458:abstract_only
PI3K (family),PIK3CA;PIK3CB;PIK3CD;PIK3R1,family,NF1,Optic pathway glioma,1,abstract only,0,0,0,0,1,0,0,,,25534823,25534823:abstract_only
PI3K-AKT-MTOR axis,PIK3CA;AKT1;MTOR,pathway,NF1,Cognition / Behavioral / Learning,1,abstract only,0,0,0,0,1,0,0,,,40766628,40766628:abstract_only
PI3K/AKT/GSK3β,PIK3CA;AKT1;GSK3B,pathway,NF1,Plexiform neurofibroma,1,abstract only,0,0,0,0,1,0,0,,,32111496,32111496:abstract_only
PLK1,PLK1,gene,NF1,Malignant peripheral nerve sheath tumor (MPNST),1,abstract only,0,0,0,0,1,0,0,,,32266095,32266095:abstract_only
PLK1,PLK1,gene,NF2-SWN,Non-vestibular schwannoma,1,abstract only,0,0,0,0,1,0,0,,,32266095,32266095:abstract_only
PP2A,PPP2CA;PPP2CB;PPP2R1A,complex,NF2-SWN,Meningioma,1,abstract only,0,0,0,0,1,0,0,,,25012485,25012485:abstract_only
PRMT5,PRMT5,gene,NF1,ANNUBP / atypical neurofibroma,1,abstract only,0,0,0,0,1,0,0,,,41959302,41959302:abstract_only
PRMT5,PRMT5,gene,NF1,Malignant peripheral nerve sheath tumor (MPNST),1,abstract only,0,0,0,0,1,0,0,,,41959302,41959302:abstract_only
PTEN,PTEN,gene,NF1,Malignant peripheral nerve sheath tumor (MPNST),1,abstract only,0,0,0,0,1,0,0,,,24470531,24470531:abstract_only
PTK2 (FAK),PTK2,gene,NF2-SWN,Vestibular schwannoma,1,abstract only,0,0,0,0,1,0,0,,,39988022,39988022:abstract_only
PTPN11,PTPN11,gene,NF1,Bone defects,1,abstract only,0,0,0,0,1,0,0,,,38924432,38924432:abstract_only
PTPRS,PTPRS,gene,NF1,Plexiform neurofibroma,1,abstract only,0,0,0,0,1,0,0,,,39094827,39094827:abstract_only
RAD51,RAD51,gene,NF2-SWN,Vestibular schwannoma,1,abstract only,0,0,0,0,1,0,0,,,35230908,35230908:abstract_only
RAD51,RAD51,gene,NF1,High grade glioma,1,abstract only,0,0,0,0,1,0,0,,,38714355,38714355:abstract_only
RAF1,RAF1,gene,NF1,Malignant peripheral nerve sheath tumor (MPNST),1,abstract only,0,0,0,0,1,0,0,,,37677047,37677047:abstract_only
RAS (pan),HRAS;KRAS;NRAS,family,NF1,Bone defects,1,abstract only,0,0,0,0,1,0,0,,,25917340,25917340:abstract_only
RAS (pan),HRAS;KRAS;NRAS,family,NF1,High grade glioma,1,abstract only,0,0,0,0,1,0,0,,,25917340,25917340:abstract_only
RAS (pan),HRAS;KRAS;NRAS,family,NF1,Cardiovascular issues,1,abstract only,0,0,0,0,1,0,0,,,35156148,35156148:abstract_only
RAS pathway,HRAS;KRAS;NRAS;RAF1;BRAF;ARAF;MAP2K1;MAP2K2;MAPK1;MAPK3,pathway,NF1,Pain,1,abstract only,0,0,0,0,1,0,0,,,32564155,32564155:abstract_only
RAS pathway,HRAS;KRAS;NRAS;RAF1;BRAF;ARAF;MAP2K1;MAP2K2;MAPK1;MAPK3,pathway,NF1,Plexiform neurofibroma,1,abstract only,0,0,0,0,1,0,0,,,32564155,32564155:abstract_only
RAS pathway,HRAS;KRAS;NRAS;RAF1;BRAF;ARAF;MAP2K1;MAP2K2;MAPK1;MAPK3,pathway,NF1,Bone defects,1,abstract only,0,0,0,0,1,0,0,,,32564155,32564155:abstract_only
RAS-MAPK pathway,HRAS;KRAS;NRAS;RAF1;BRAF;ARAF;MAP2K1;MAP2K2;MAPK1;MAPK3,pathway,NF1,Cardiovascular issues,1,abstract only,0,0,0,0,1,0,0,,,35156148,35156148:abstract_only
RAS/MAPK pathway,HRAS;KRAS;NRAS;RAF1;BRAF;ARAF;MAP2K1;MAP2K2;MAPK1;MAPK3,pathway,NF1,Other,1,abstract only,0,0,0,1,0,0,0,,,23875798,23875798:full_text
RECQL4,RECQL4,gene,NF1,High grade glioma,1,full text - partial,0,1,0,1,0,1,0,RECQL4 knockdown in U251 glioma cells increased apoptosis and susceptibility to ATR inhibitors; RECQL4 expression higher in HGG generally.,cell line,41317405,41317405:full_text
RET,RET,gene,NF1,Plexiform neurofibroma,1,abstract only,0,0,0,0,1,0,0,,,33442015,33442015:abstract_only
RRM2,RRM2,gene,NF1,Malignant peripheral nerve sheath tumor (MPNST),1,abstract only,0,0,0,0,1,0,0,,,37086345,37086345:abstract_only
SCF,KITLG,gene,NF1,Plexiform neurofibroma,1,abstract only,0,0,0,0,1,0,0,,,29596064,29596064:abstract_only
SCN9A,SCN9A,gene,NF1,Pain,1,abstract only,0,0,0,1,0,0,0,,,29655575,29655575:full_text
SDH,SDHA;SDHB;SDHC;SDHD,complex,NF1,Gastrointestinal stromal tumor (GIST),1,abstract only,0,0,0,0,1,0,0,,,29441367,29441367:abstract_only
SERPINB4,SERPINB4,gene,NF1,Malignant peripheral nerve sheath tumor (MPNST),1,abstract only,0,0,0,0,1,0,0,,,33831431,33831431:abstract_only
SFK members,SRC;FYN;LYN;LCK;HCK;FGR;BLK;YES1,family,NF2-SWN,Vestibular schwannoma,1,full text - partial,0,1,0,1,0,1,0,"pSrc/SFK (Y416) phosphorylation is elevated in primary human VS tumors and mouse allograft tumors and reduced by dasatinib treatment, independent of mTORC1/2 signaling.",human tissue,32144278,32144278:full_text
SGK1,SGK1,gene,NF2-SWN,Meningioma,1,full text - partial,0,1,0,1,0,1,0,"SGK1 (mTORC2 target) is constitutively activated with NF2 loss in meningioma, cited from prior work; this paper's own new data on SGK1 activation is in NF2-null Schwann cells/VS, not meningioma.",review,32144278,32144278:full_text
SHH,SHH,gene,NF1,Other,1,abstract only,0,0,0,1,0,0,0,,,30306639,30306639:full_text
SMARCB1,SMARCB1,gene,SWN,Vestibular schwannoma,1,abstract only,0,0,0,0,1,0,0,,,31425178,31425178:abstract_only
SOX10,SOX10,gene,NF1,Cutaneous neurofibroma,1,abstract only,0,0,0,0,1,0,0,,,33108355,33108355:abstract_only
SOX10,SOX10,gene,NF1,Plexiform neurofibroma,1,abstract only,0,0,0,0,1,0,0,,,33108355,33108355:abstract_only
SOX10,SOX10,gene,NF1,ANNUBP / atypical neurofibroma,1,full text - partial,0,1,0,1,0,1,0,"SOX10 silencing via chromatin closure occurs in 3KO NC model representing early MPNST-like stage; ANNUBP samples show high SOX10 expression in glial component, not silencing.",human tissue,42310314,42310314:full_text
SPRED1,SPRED1,gene,NF1,Other,1,abstract only,0,0,0,0,1,0,0,,,29681099,29681099:abstract_only
SPRED1/2,SPRED1;SPRED2,family,NF1,Plexiform neurofibroma,1,full text - partial,0,1,0,1,0,1,0,"SPRED1/2 loss phenocopies NF1 loss; both cooperate to regulate RAS-independent MAPK-AKT signaling and downstream EMT-associated gene signatures (CDH11, COL1A1, IGFBP2, SEMA3C) in MEF and NF1 patient Schwann/nerve cells.",cell line,42201959,42201959:full_text
SRC,SRC,gene,NF2-SWN,Meningioma,1,abstract only,0,0,0,0,1,0,0,,,29982664,29982664:abstract_only
SURVIVIN,BIRC5,gene,NF2-SWN,Vestibular schwannoma,1,abstract only,0,0,0,0,1,0,0,,,20511180,20511180:abstract_only
Simvastatin,HMGCR,drug,NF1,Cardiovascular issues,1,abstract only,0,0,0,0,1,0,0,,,24370551,24370551:abstract_only
TBK1,TBK1,gene,NF2-SWN,Vestibular schwannoma,1,abstract only,0,0,0,0,1,0,0,,,34453890,34453890:abstract_only
TEAD1,TEAD1,gene,NF2-SWN,Vestibular schwannoma,1,abstract only,0,0,0,1,0,0,0,,,41293003,41293003:full_text
TEAD1,TEAD1,gene,NF1,Malignant peripheral nerve sheath tumor (MPNST),1,abstract only,0,0,0,0,1,0,0,,,35261809,35261809:abstract_only
TGFB1,TGFB1,gene,NF1,Cutaneous neurofibroma,1,abstract only,0,0,0,0,1,0,0,,,32323813,32323813:abstract_only
TGFB1,TGFB1,gene,NF1,Bone defects,1,abstract only,0,0,0,0,1,0,0,,,38924432,38924432:abstract_only
TGFBR1,TGFBR1,gene,NF1,Cutaneous neurofibroma,1,abstract only,0,0,0,0,1,0,0,,,32323813,32323813:abstract_only
TGFBR3,TGFBR3,gene,NF1,Plexiform neurofibroma,1,full text - partial,0,1,0,1,0,1,0,"TGFBR3 expression elevated in NF1 fibroblasts and plasma, decreased in ataluren-responsive cells; proposed as monitoring biomarker, not a therapeutic target.",human tissue,41256734,41256734:full_text
TGFBR3,TGFBR3,gene,NF1,Malignant peripheral nerve sheath tumor (MPNST),1,full text - partial,0,1,0,1,0,1,0,"TGFBR3 expression elevated in NF1 fibroblasts and plasma, decreased in ataluren-responsive cells; proposed as monitoring biomarker, not a therapeutic target.",human tissue,41256734,41256734:full_text
TP53,TP53,gene,NF1,Cognition / Behavioral / Learning,1,abstract only,0,0,0,0,1,0,0,,,29925695,29925695:abstract_only
TP53,TP53,gene,NF1,Cutaneous neurofibroma,1,abstract only,0,0,0,0,1,0,0,,,29925695,29925695:abstract_only
TP53,TP53,gene,NF1,Pain,1,abstract only,0,0,0,0,1,0,0,,,29925695,29925695:abstract_only
VEGFA,VEGFA,gene,NF1,Cutaneous neurofibroma,1,abstract only,0,0,0,0,1,0,0,,,31059067,31059067:abstract_only
VEGFA,VEGFA,gene,NF1,Malignant peripheral nerve sheath tumor (MPNST),1,abstract only,0,0,0,0,1,0,0,,,37677047,37677047:abstract_only
VEGFA,VEGFA,gene,NF2-SWN,Ependymoma,1,abstract only,0,0,0,0,1,0,0,,,41250253,41250253:abstract_only
VEGFR2,KDR,gene,NF1,Plexiform neurofibroma,1,abstract only,0,0,0,0,1,0,0,,,33442015,33442015:abstract_only
WWTR1,WWTR1,gene,NF1,Malignant peripheral nerve sheath tumor (MPNST),1,abstract only,0,0,0,0,1,0,0,,,35261809,35261809:abstract_only
Wnt signaling,CTNNB1;GSK3B;APC;LRP5;LRP6,pathway,NF1,Malignant peripheral nerve sheath tumor (MPNST),1,abstract only,0,0,0,0,1,0,0,,,24470531,24470531:abstract_only
XPO1,XPO1,gene,NF1,Malignant peripheral nerve sheath tumor (MPNST),1,abstract only,0,0,0,0,1,0,0,,,28314790,28314790:abstract_only
YAP1,YAP1,gene,NF1,Cutaneous neurofibroma,1,abstract only,0,0,0,0,1,0,0,,,32323813,32323813:abstract_only
YAP1-TEAD,YAP1;TEAD1;TEAD2;TEAD3;TEAD4,complex,NF1,Cutaneous neurofibroma,1,abstract only,0,0,0,1,0,0,0,,,30348677,30348677:full_text
YAP1-TEAD,YAP1;TEAD1;TEAD2;TEAD3;TEAD4,complex,NF1,Plexiform neurofibroma,1,abstract only,0,0,0,1,0,0,0,,,30348677,30348677:full_text
YAP1-TEAD,YAP1;TEAD1;TEAD2;TEAD3;TEAD4,complex,NF2-SWN,Meningioma,1,abstract only,0,0,0,0,1,0,0,,,42620117,42620117:abstract_only
ZNF331,ZNF331,gene,NF1,Malignant peripheral nerve sheath tumor (MPNST),1,abstract only,0,0,0,0,1,0,0,,,33831431,33831431:abstract_only
