pmid,first_author,year,journal,title,targets,n_targets,url,doi,pmc,pmc_available,access_used,n_target_rows,fulltext_source,preprint_server,is_preprint
12432832,Lynch,2002,Neurol Clin,Neurofibromatosis 1.,RAS (pan),1,https://doi.org/10.1016/s0733-8619(01)00019-6,10.1016/s0733-8619(01)00019-6,,False,abstract_only,5,,,False
12351569,Maher,2002,Hum Mol Genet,The pressure rises: update on the genetics of phaeochromocytoma.,NF1,1,https://doi.org/10.1093/hmg/11.20.2347,10.1093/hmg/11.20.2347,,False,abstract_only,1,,,False
17573495,Stewart,2007,Chest,Is pulmonary arterial hypertension in neurofibromatosis type 1 secondary to a plexogenic arteriopathy?,BMPR2;NF1,2,https://doi.org/10.1378/chest.06-3017,10.1378/chest.06-3017,,False,abstract_only,2,,,False
20511180,Ammoun,2010,Neuro Oncol,ErbB/HER receptor activation and preclinical efficacy of lapatinib in vestibular schwannoma.,AKT1;EGFR;ERBB2;MAPK1/3 (ERK1/2);SURVIVIN,5,https://doi.org/10.1093/neuonc/noq012,10.1093/neuonc/noq012,PMC2940674,True,abstract_only,5,,,False
20043723,Gottfried,2010,Neurosurg Focus,Neurofibromatosis Type 1 and tumorigenesis: molecular mechanisms and therapeutic implications.,CDKN2A;MAPK pathway;MTOR;NF1;TP53,5,https://doi.org/10.3171/2009.11.FOCUS09221,10.3171/2009.11.FOCUS09221,,False,abstract_only,12,,,False
20043105,Ponti,2010,Oncol Rep,Gastrointestinal stromal tumor and other primary metachronous or synchronous neoplasms as a suspicion criterion for syndromic setting.,NF1,1,https://pubmed.ncbi.nlm.nih.gov/20043105/,,,False,abstract_only,1,,,False
21987445,Beert,2011,Genes Chromosomes Cancer,Atypical neurofibromas in neurofibromatosis type 1 are premalignant tumors.,CDKN2A;CDKN2B,2,https://doi.org/10.1002/gcc.20921,10.1002/gcc.20921,,False,abstract_only,4,,,False
24426628,Swain,2012,Indian J Surg,Unusual presentation of gastrointestinal stromal tumor of stomach in neurofibromatosis type 1: a case report.,KIT,1,https://doi.org/10.1007/s12262-012-0572-y,10.1007/s12262-012-0572-y,PMC3693257,True,abstract_only,1,,,False
22821631,Yang,2012,Cancer Microenviron,The plexiform neurofibroma microenvironment.,KIT;KITLG,2,https://doi.org/10.1007/s12307-012-0115-x,10.1007/s12307-012-0115-x,PMC3460056,True,abstract_only,2,,,False
24470531,Farid,2014,Oncologist,Malignant peripheral nerve sheath tumors.,AURKA;IAPS;MAPK pathway;MTOR;PTEN;TP53;Wnt signaling,7,https://doi.org/10.1634/theoncologist.2013-0328,10.1634/theoncologist.2013-0328,PMC3926794,True,abstract_only,7,,,False
25012485,Johnson,2014,J Clin Neurosci,"CIP2A and PP2A in human leptomeninges, arachnoid granulations and meningiomas.",CIP2A;MTOR;PP2A,3,https://doi.org/10.1016/j.jocn.2014.05.019,10.1016/j.jocn.2014.05.019,,False,abstract_only,3,,,False
25335493,Paganini,2014,Eur J Hum Genet,Expanding the mutational spectrum of LZTR1 in schwannomatosis.,LZTR1;NF2;SMARCB1,3,https://doi.org/10.1038/ejhg.2014.220,10.1038/ejhg.2014.220,PMC4463507,True,abstract_only,3,,,False
26564072,Evans,2015,Handb Clin Neurol,Neurofibromatosis type 2.,NF2,1,https://doi.org/10.1016/B978-0-444-62702-5.00005-6,10.1016/B978-0-444-62702-5.00005-6,,False,abstract_only,4,,,False
26022982,Hochart,2015,J Neurooncol,Bevacizumab decreases vestibular schwannomas growth rate in children and teenagers with neurofibromatosis type 2.,VEGFA,1,https://doi.org/10.1007/s11060-015-1828-8,10.1007/s11060-015-1828-8,,False,abstract_only,1,,,False
25917340,Sabatini,2015,Curr Treat Options Neurol,Treatment of neurofibromatosis type 1.,RAS (pan),1,https://doi.org/10.1007/s11940-015-0355-4,10.1007/s11940-015-0355-4,,False,abstract_only,5,,,False
26857854,Röhrich,2016,Acta Neuropathol,Methylation-based classification of benign and malignant peripheral nerve sheath tumors.,CDKN2A;NF1;PRC2 (EED/SUZ12/EZH2),3,https://doi.org/10.1007/s00401-016-1540-6,10.1007/s00401-016-1540-6,,False,abstract_only,5,,,False
29249250,Chiaverini,2017,Ann Dermatol Venereol,[What's new in pediatric dermatology?].,MAP2K1/2 (MEK1/2),1,https://doi.org/10.1016/S0151-9638(17)31063-3,10.1016/S0151-9638(17)31063-3,,False,abstract_only,1,,,False
28256688,Garcia-Penas,2017,Rev Neurol,[Learning disorders in neurofibromatosis type 1].,RAS (pan),1,https://pubmed.ncbi.nlm.nih.gov/28256688/,,,False,abstract_only,1,,,False
28314790,Nair,2017,Clin Cancer Res,Selinexor (KPT-330) Induces Tumor Suppression through Nuclear Sequestration of IκB and Downregulation of Survivin.,BIRC5;NFKB1;XPO1,3,https://doi.org/10.1158/1078-0432.CCR-16-2632,10.1158/1078-0432.CCR-16-2632,,False,abstract_only,3,,,False
29230670,Paganini,2017,J Neurooncol,Double somatic SMARCB1 and NF2 mutations in sporadic spinal schwannoma.,NF2;SMARCB1,2,https://doi.org/10.1007/s11060-017-2711-6,10.1007/s11060-017-2711-6,,False,abstract_only,2,,,False
28735458,Paldor,2017,J Neurooncol,The efficacy of lapatinib and nilotinib in combination with radiation therapy in a model of NF2 associated peripheral schwannoma.,ABL1;EGFR;KIT;MTOR;PDGFRA;VEGFA,6,https://doi.org/10.1007/s11060-017-2567-9,10.1007/s11060-017-2567-9,,False,abstract_only,6,,,False
28124441,Sohier,2017,Genes Chromosomes Cancer,Confirmation of mutation landscape of NF1-associated malignant peripheral nerve sheath tumors.,CDKN2A;EED;KDM2B;SUZ12,4,https://doi.org/10.1002/gcc.22446,10.1002/gcc.22446,,False,abstract_only,4,,,False
30145722,Ariyannur,2018,Cancer Microenviron,Cerebrospinal Fluid Hyaluronan and Neurofibromatosis Type 2.,CD44;HYALURONAN;NF2,3,https://doi.org/10.1007/s12307-018-0216-2,10.1007/s12307-018-0216-2,PMC6250613,True,abstract_only,5,,,False
29599333,DE Carvalho,2018,Anticancer Res,Frequency of the Loss of Heterozygosity of theGene in Sporadic Spinal Schwannomas.,NF2,1,https://doi.org/10.21873/anticanres.12455,10.21873/anticanres.12455,,False,abstract_only,1,,,False
30387339,Karaconji,2018,Asia Pac J Ophthalmol (Phila),Neurofibromatosis Type 1: Review and Update on Emerging Therapies.,MAP2K1/2 (MEK1/2);MTOR,2,https://doi.org/10.22608/APO.2018182,10.22608/APO.2018182,,False,abstract_only,2,,,False
31534897,Killeen,2018,J Neurol Surg B Skull Base,Long-Term Effects of Bevacizumab on Vestibular Schwannoma Volume in Neurofibromatosis Type 2 Patients.,VEGFA,1,https://doi.org/10.1055/s-0038-1676628,10.1055/s-0038-1676628,PMC6748845,True,abstract_only,1,,,False
29596064,Liao,2018,J Clin Invest,Contributions of inflammation and tumor microenvironment to neurofibroma tumorigenesis.,SCF,1,https://doi.org/10.1172/JCI99424,10.1172/JCI99424,PMC6025974,True,abstract_only,1,,,False
29441367,Niinuma,2018,Transl Gastroenterol Hepatol,Molecular characterization and pathogenesis of gastrointestinal stromal tumor.,BRAF;KIT;KRAS;PDGFRA;SDH,5,https://doi.org/10.21037/tgh.2018.01.02,10.21037/tgh.2018.01.02,PMC5803009,True,abstract_only,5,,,False
30169729,Nix,2018,J Neuropathol Exp Neurol,Malignant Peripheral Nerve Sheath Tumors Show Decreased Global DNA Methylation.,PRC2 (EED/SUZ12/EZH2),1,https://doi.org/10.1093/jnen/nly076,10.1093/jnen/nly076,,False,abstract_only,1,,,False
29925695,White,2018,JCI Insight,A porcine model of neurofibromatosis type 1 that mimics the human disease.,CDKN1A;MAPK1/3 (ERK1/2);NF1;TP53,4,https://doi.org/10.1172/jci.insight.120402,10.1172/jci.insight.120402,PMC6124439,True,abstract_only,12,,,False
30728335,Fletcher,2019,JCI Insight,Cxcr3-expressing leukocytes are necessary for neurofibroma formation in mice.,CXCL10;CXCR3,2,https://doi.org/10.1172/jci.insight.98601,10.1172/jci.insight.98601,PMC6413799,True,abstract_only,2,,,False
30993672,Halliday,2019,Clin Genet,Trends in phenotype in the English paediatric neurofibromatosis type 2 cohort stratified by genetic severity.,NF2,1,https://doi.org/10.1111/cge.13551,10.1111/cge.13551,,False,abstract_only,4,,,False
31425178,Halliday,2019,Curr Opin Oncol,Neurofibromatosis type 2 and related disorders.,BEVACIZUMAB;LZTR1;NF2;SMARCB1,4,https://doi.org/10.1097/CCO.0000000000000579,10.1097/CCO.0000000000000579,,False,abstract_only,9,,,False
31059067,Jia,2019,Int J Oncol,Activated androgen receptor accelerates angiogenesis in cutaneous neurofibroma by regulating VEGFA transcription.,AR;VEGFA,2,https://doi.org/10.3892/ijo.2019.4797,10.3892/ijo.2019.4797,,False,abstract_only,2,,,False
31262833,Natarajan,2019,Cancer Res,Poly Combs the Immune System: PRC2 Loss in Malignant Peripheral Nerve Sheath Tumors Can Dampen Immune Responses.,PRC2 (EED/SUZ12/EZH2),1,https://doi.org/10.1158/0008-5472.CAN-19-1186,10.1158/0008-5472.CAN-19-1186,,False,abstract_only,1,,,False
31091306,Rhodes,2019,Hum Mol Genet,Cdkn2a (Arf) loss drives NF1-associated atypical neurofibroma and malignant transformation.,CDKN2A,1,https://doi.org/10.1093/hmg/ddz095,10.1093/hmg/ddz095,PMC6687955,True,abstract_only,2,,,False
31197610,Wang,2019,In Vitro Cell Dev Biol Anim,NFKB1-miR-612-FAIM2 pathway regulates tumorigenesis in neurofibromatosis type 1.,FAIM2;MIR-612;NFKB1,3,https://doi.org/10.1007/s11626-019-00370-3,10.1007/s11626-019-00370-3,,False,abstract_only,3,,,False
32583151,Chauvel-Picard,2020,Childs Nerv Syst,Craniofacial bone alterations in patients with neurofibromatosis type 1.,NF1,1,https://doi.org/10.1007/s00381-020-04749-6,10.1007/s00381-020-04749-6,,False,abstract_only,1,,,False
32441531,Das,2020,Cancer Invest,"Effect of Dovitinib (TKI258), a Multi-Target Angiokinase Inhibitor on Aggressive Meningioma Cells.",FGFRS;NF2,2,https://doi.org/10.1080/07357907.2020.1773844,10.1080/07357907.2020.1773844,,False,abstract_only,2,,,False
32108293,Espírito Santo,2020,J Neurooncol,Selumetinib for plexiform neurofibromas in neurofibromatosis type 1: a single-institution experience.,MAP2K1/2 (MEK1/2),1,https://doi.org/10.1007/s11060-020-03443-6,10.1007/s11060-020-03443-6,,False,abstract_only,2,,,False
32266095,Guo,2020,Am J Cancer Res,Polo-like kinase 1 as a therapeutic target for malignant peripheral nerve sheath tumors (MPNST) and schwannomas.,AURKA;PLK1,2,https://pubmed.ncbi.nlm.nih.gov/32266095/,,PMC7136923,True,abstract_only,3,,,False
32111496,Jia,2020,Arch Med Res,Infiltrating Macrophages Induced Stem-cell-like Features Through PI3K/AKT/GSK3β Signaling to Promote Neurofibroma Growth.,PI3K/AKT/GSK3β,1,https://doi.org/10.1016/j.arcmed.2019.12.018,10.1016/j.arcmed.2019.12.018,,False,abstract_only,1,,,False
32323813,Jia,2020,Oncol Rep,Cutaneous neurofibroma cells with active YAP promotes proliferation of macrophages resulting in increased accumulation of macrophages by modulating CCL5 and TGF‑β1.,CCL5;CCR5;TGFB1;TGFBR1;YAP1,5,https://doi.org/10.3892/or.2020.7513,10.3892/or.2020.7513,,False,abstract_only,5,,,False
33109559,Kinoshita,2020,Anticancer Res,Frequent MN1 Gene Mutations in Malignant Peripheral Nerve Sheath Tumor.,MN1,1,https://doi.org/10.21873/anticanres.14642,10.21873/anticanres.14642,,False,abstract_only,1,,,False
32601904,Legius,2020,Childs Nerv Syst,"Genetic basis of neurofibromatosis type 1 and related conditions, including mosaicism.",MAP2K1/2 (MEK1/2);NF1,2,https://doi.org/10.1007/s00381-020-04771-8,10.1007/s00381-020-04771-8,,False,abstract_only,6,,,False
32470937,Lewis,2020,J Neurosurg,The microenvironment in sporadic and neurofibromatosis type II-related vestibular schwannoma: the same tumor or different? A comparative imaging and neuropathology study.,FLT1;VEGFA,2,https://doi.org/10.3171/2020.3.JNS193230,10.3171/2020.3.JNS193230,,False,abstract_only,2,,,False
32601903,Packer,2020,Childs Nerv Syst,New treatment modalities in NF-related neuroglial tumors.,MAP2K1/2 (MEK1/2);MTOR;VEGFA,3,https://doi.org/10.1007/s00381-020-04704-5,10.1007/s00381-020-04704-5,,False,abstract_only,3,,,False
33263426,Schraepen,2020,Br J Neurosurg,What to know about schwannomatosis: a literature review.,LZTR1;SMARCB1,2,https://doi.org/10.1080/02688697.2020.1836323,10.1080/02688697.2020.1836323,,False,abstract_only,4,,,False
32564155,Shofty,2020,Childs Nerv Syst,Spinal manifestations of Neurofibromatosis type 1.,RAS pathway,1,https://doi.org/10.1007/s00381-020-04754-9,10.1007/s00381-020-04754-9,,False,abstract_only,3,,,False
32927517,Tong,2020,Zhonghua Wei Chang Wai Ke Za Zhi,[Characteristics and targeted therapy of wild-type gastrointestinal stromal tumor].,NF1,1,https://doi.org/10.3760/cma.j.cn.441530-20200614-00356,10.3760/cma.j.cn.441530-20200614-00356,,False,abstract_only,1,,,False
33588442,Belakhoua,2021,Neurosurgery,Diagnostic Pathology of Tumors of Peripheral Nerve.,CDKN2A/B;EED;LZTR1;NF1;NF2;SMARCB1;SUZ12,7,https://doi.org/10.1093/neuros/nyab021,10.1093/neuros/nyab021,PMC7884141,True,abstract_only,12,,,False
34629433,Graillon,2021,Curr Opin Neurol,Chemotherapy and targeted therapies for meningiomas: what is the evidence?,NF2,1,https://doi.org/10.1097/WCO.0000000000001002,10.1097/WCO.0000000000001002,,False,abstract_only,1,,,False
33641042,Hassan,2021,Curr Treat Options Oncol,Systemic Options for Malignant Peripheral Nerve Sheath Tumors.,NF1;RAS (pan),2,https://doi.org/10.1007/s11864-021-00830-7,10.1007/s11864-021-00830-7,,False,abstract_only,2,,,False
34432163,Ito,2021,Virchows Arch,Clinicopathological and prognostic significance of H3K27 methylation status in malignant peripheral nerve sheath tumor: correlation with skeletal muscle differentiation.,PRC2 (EED/SUZ12/EZH2);SOX10,2,https://doi.org/10.1007/s00428-021-03189-0,10.1007/s00428-021-03189-0,,False,abstract_only,2,,,False
34283254,Kochat,2021,Acta Neuropathol,Enhancer reprogramming in PRC2-deficient malignant peripheral nerve sheath tumors induces a targetable de-differentiated state.,DLX5;EED;PRC2 (EED/SUZ12/EZH2);SUZ12,4,https://doi.org/10.1007/s00401-021-02341-z,10.1007/s00401-021-02341-z,,False,abstract_only,4,,,False
34453890,Meng,2021,Mol Cell,Induced phase separation of mutant NF2 imprisons the cGAS-STING machinery to abrogate antitumor immunity.,CGAS-STING;IRF3;NF2;TBK1;YAP1/WWTR1 (YAP/TAZ),5,https://doi.org/10.1016/j.molcel.2021.07.040,10.1016/j.molcel.2021.07.040,,False,abstract_only,5,,,False
33108355,Mo,2021,J Clin Invest,Humanized neurofibroma model from induced pluripotent stem cells delineates tumor pathogenesis and developmental origins.,NF1;SOX10,2,https://doi.org/10.1172/JCI139807,10.1172/JCI139807,PMC7773354,True,abstract_only,4,,,False
33683166,Mukhopadhyay,2021,Curr Med Res Opin,Selumetinib: the first ever approved drug for neurofibromatosis-1 related inoperable plexiform neurofibroma.,MAP2K1/2 (MEK1/2);RAS (pan),2,https://doi.org/10.1080/03007995.2021.1900089,10.1080/03007995.2021.1900089,,False,abstract_only,2,,,False
33831431,Muniz,2021,J Invest Dermatol,Genomic Landscape of Malignant Peripheral Nerve Sheath Tumor‒Like Melanoma.,NF1;SERPINB4;ZNF331,3,https://doi.org/10.1016/j.jid.2021.03.016,10.1016/j.jid.2021.03.016,,False,abstract_only,3,,,False
33850002,Tang,2021,Mol Cancer Ther,Small Molecule Inhibitors of TEAD Auto-palmitoylation Selectively Inhibit Proliferation and Tumor Growth of-deficient Mesothelioma.,NF2,1,https://doi.org/10.1158/1535-7163.MCT-20-0717,10.1158/1535-7163.MCT-20-0717,,False,abstract_only,1,,,False
33751171,Toledano,2021,Childs Nerv Syst,Trametinib for orbital plexiform neurofibromas in young children with neurofibromatosis type 1.,MAP2K1/2 (MEK1/2),1,https://doi.org/10.1007/s00381-021-05127-6,10.1007/s00381-021-05127-6,,False,abstract_only,2,,,False
33753124,Waldt,2021,J Neurosci Methods,Crispr/Cas-based modeling of NF2 loss in meningioma cells.,NF2;PTK2 (FAK),2,https://doi.org/10.1016/j.jneumeth.2021.109141,10.1016/j.jneumeth.2021.109141,,False,abstract_only,2,,,False
35419473,Zhu,2021,Mol Cell Oncol,A therapeutic window for preventive therapy in NF1-associated optic pathway glioma.,MAP2K1/2 (MEK1/2);MAPK1/3 (ERK1/2),2,https://doi.org/10.1080/23723556.2021.1989262,10.1080/23723556.2021.1989262,PMC8997259,True,abstract_only,2,,,False
35657359,Fisher,2022,Neuro Oncol,Management of neurofibromatosis type 1-associated plexiform neurofibromas.,MAP2K1/2 (MEK1/2),1,https://doi.org/10.1093/neuonc/noac146,10.1093/neuonc/noac146,PMC9629437,True,abstract_only,1,,,False
35261809,Huang,2022,Am J Cancer Res,A novel HDAC11 inhibitor potentiates the tumoricidal effects of cordycepin against malignant peripheral nerve sheath tumor through the Hippo signaling pathway.,HDAC11;KIF18A;TEAD1;WWTR1,4,https://pubmed.ncbi.nlm.nih.gov/35261809/,,PMC8899988,True,abstract_only,4,,,False
35282706,Schaeffer,2022,Am Surg,Neurofibromatosis-associated Gastrointestinal Stromal Tumor Causing Small Bowel Obstruction.,KIT;MAP2K1/2 (MEK1/2);PDGFRA,3,https://doi.org/10.1177/00031348221083934,10.1177/00031348221083934,,False,abstract_only,3,,,False
35301838,Sharawat,2022,J Neurosurg Sci,Efficacy and safety profile of selumetinib in symptomatic inoperable plexiform neurofibromas.,MAP2K1/2 (MEK1/2),1,https://doi.org/10.23736/S0390-5616.21.05528-4,10.23736/S0390-5616.21.05528-4,,False,abstract_only,1,,,False
35788692,de Blank,2022,Neuro Oncol,MEK inhibitors for neurofibromatosis type 1 manifestations: Clinical evidence and consensus.,MAP2K1/2 (MEK1/2),1,https://doi.org/10.1093/neuonc/noac165,10.1093/neuonc/noac165,PMC9629420,True,abstract_only,7,,,False
37401302,Amato,2023,Eur Rev Med Pharmacol Sci,Neurofibromatosis type 1-associated optic pathway gliomas: pathogenesis and emerging treatments.,MAP2K1/2 (MEK1/2);MTOR;NGF;VEGFA,4,https://doi.org/10.26355/eurrev_202306_32804,10.26355/eurrev_202306_32804,,False,abstract_only,4,,,False
37906356,Brown,2023,Curr Oncol Rep,Management of Central and Peripheral Nervous System Tumors in Patients with Neurofibromatosis.,MAP2K1/2 (MEK1/2);VEGFA,2,https://doi.org/10.1007/s11912-023-01451-z,10.1007/s11912-023-01451-z,,False,abstract_only,2,,,False
37670622,Peng,2023,Zhonghua Bing Li Xue Za Zhi,[Malignant peripheral nerve sheath tumor: a clinicopathological analysis].,NF1;PRC2 (EED/SUZ12/EZH2);SUZ12;TP53,4,https://doi.org/10.3760/cma.j.cn112151-20230109-00015,10.3760/cma.j.cn112151-20230109-00015,,False,abstract_only,4,,,False
37820090,Planet,2023,Curr Opin Oncol,Schwannomatosis: a Realm Reborn: year one.,LZTR1;NF2;SMARCB1,3,https://doi.org/10.1097/CCO.0000000000000994,10.1097/CCO.0000000000000994,,False,abstract_only,5,,,False
37584733,Saharafi,2023,Biochem Genet,Assessment of Ecotropic Viral Integration Site 2B (EVI2B) Gene in Juvenile Myelomonocytic Leukemia and Neurofibromatosis Type 1 NF1 Tumors.,EVI2B,1,https://doi.org/10.1007/s10528-023-10480-z,10.1007/s10528-023-10480-z,,False,abstract_only,3,,,False
37937606,Staedtke,2023,Clin Trials,Gene-targeted therapy for neurofibromatosis and schwannomatosis: The path to clinical trials.,NF1;NF2,2,https://doi.org/10.1177/17407745231207970,10.1177/17407745231207970,,False,abstract_only,2,,,False
37344677,Vaassen,2023,Childs Nerv Syst,A chance to cut is a chance to cure: complete resection of an atypical neurofibroma prevents further progression to malignancy.,MAP2K1/2 (MEK1/2),1,https://doi.org/10.1007/s00381-023-06029-5,10.1007/s00381-023-06029-5,,False,abstract_only,1,,,False
39647233,Franco-Caspueñas,2024,Hear Res,Uncovering cellular senescence as a therapeutic target in NF2-related vestibular schwannoma.,CDKN1A,1,https://doi.org/10.1016/j.heares.2024.109165,10.1016/j.heares.2024.109165,,False,abstract_only,1,,,False
39034326,Keam,2024,Drugs,Tunlametinib: First Approval.,MAP2K1/2 (MEK1/2),1,https://doi.org/10.1007/s40265-024-02072-x,10.1007/s40265-024-02072-x,,False,abstract_only,1,,,False
39094827,Li,2024,Cancer Lett,Reduced PTPRS expression promotes epithelial-mesenchymal transition of Schwann cells in NF1-related plexiform neurofibromas.,EGFR;PTPRS,2,https://doi.org/10.1016/j.canlet.2024.217151,10.1016/j.canlet.2024.217151,,False,abstract_only,2,,,False
38884429,Makashova,2024,Zh Nevrol Psikhiatr Im S S Korsakova,[Features of course of pain syndrome in patients with schwannomatosis].,LZTR1;SMARCB1,2,https://doi.org/10.17116/jnevro202412405148,10.17116/jnevro202412405148,,False,abstract_only,4,,,False
39140257,Mastromoro,2024,Genet Med,Heterozygosity for loss-of-function variants in LZTR1 is associated with isolated multiple café-au-lait macules.,LZTR1,1,https://doi.org/10.1016/j.gim.2024.101241,10.1016/j.gim.2024.101241,,False,abstract_only,1,,,False
39483902,Wang,2024,Res Sq,Targeting the Galectin-1/Ras Interaction for Treating Malignant Peripheral Nerve Sheath Tumors.,HRAS;LGALS1,2,https://doi.org/10.21203/rs.3.rs-5263500/v1,10.21203/rs.3.rs-5263500/v1,PMC11527268,True,abstract_only,2,,Research Square,True
40766628,Botero,2025,bioRxiv,Metabolic and behavioral effects of neurofibromin result from differential recruitment of MAPK and mTOR signaling.,MAP2K1/2 (MEK1/2);PI3K-AKT-MTOR axis,2,https://doi.org/10.1101/2025.07.25.666841,10.1101/2025.07.25.666841,PMC12324403,True,abstract_only,2,,bioRxiv/medRxiv,True
41288319,Chen,2025,Genes Chromosomes Cancer,NF1 Mutated Gastrointestinal Stromal Tumors With Coamplification of MDM2 and MYC.,MDM2;MYC;NF1,3,https://doi.org/10.1002/gcc.70096,10.1002/gcc.70096,,False,abstract_only,3,,,False
41250253,Hatley,2025,Otol Neurotol,The Association Between Age and Outcomes of Bevacizumab Treatment in NF2-Related Schwannomatosis.,VEGFA,1,https://doi.org/10.1097/MAO.0000000000004759,10.1097/MAO.0000000000004759,,False,abstract_only,3,,,False
40956079,Hudelist,2025,Neurosurgery,Salvage Microsurgery After Failed Bevacizumab Treatment for NF2-Related Schwannomatosis Vestibular Schwannoma: A Multicentric Retrospective Study.,VEGFA,1,https://doi.org/10.1227/neu.0000000000003728,10.1227/neu.0000000000003728,,False,abstract_only,1,,,False
41100399,Koga,2025,J Dermatol,A Retrospective Study of Diffuse Plexiform Neurofibroma With Surgical Intervention in Neurofibromatosis 1.,MAP2K1/2 (MEK1/2),1,https://doi.org/10.1111/1346-8138.17888,10.1111/1346-8138.17888,,False,abstract_only,1,,,False
41053457,Koucký,2025,Eur Arch Otorhinolaryngol,Efficacy of first line of bevacizumab in patients with neurofibromatosis 2-related vestibular schwannomas.,VEGFA,1,https://doi.org/10.1007/s00405-025-09734-w,10.1007/s00405-025-09734-w,,False,abstract_only,1,,,False
40434540,Nakhate,2025,J Neurooncol,Effect of bevacizumab on non-target intracranial meningiomas and non-vestibular schwannomas in NF2-related schwannomatosis: NF104.,VEGFA,1,https://doi.org/10.1007/s11060-025-05020-1,10.1007/s11060-025-05020-1,,False,abstract_only,3,,,False
40932001,Oztosun,2025,Expert Opin Investig Drugs,"Mirdametinib, an FDA-Approved MEK1/2 inhibitor for adult and pediatric NF1-associated plexiform neurofibromas.",MAP2K1/2 (MEK1/2),1,https://doi.org/10.1080/13543784.2025.2558656,10.1080/13543784.2025.2558656,,False,abstract_only,1,,,False
40252783,Roskoski,2025,Pharmacol Res,Properties of FDA-approved small molecule protein kinase inhibitors: A 2025 update.,MAP2K1/2 (MEK1/2),1,https://doi.org/10.1016/j.phrs.2025.107723,10.1016/j.phrs.2025.107723,,False,abstract_only,2,,,False
40968507,Sato,2025,Am J Med Genet C Semin Med Genet,Targeted Therapies in Neurofibromatosis Type 1.,MAP2K1/2 (MEK1/2),1,https://doi.org/10.1002/ajmg.c.32151,10.1002/ajmg.c.32151,,False,abstract_only,1,,,False
39988022,Zhang,2025,Prog Neurobiol,Single-cell RNA sequencing reveals ECM remodeling-tumor stiffness-FAK as a key driver of vestibular schwannoma progression.,PTK2 (FAK),1,https://doi.org/10.1016/j.pneurobio.2025.102730,10.1016/j.pneurobio.2025.102730,,False,abstract_only,1,,,False
40400261,van Roessel,2025,Eur J Endocrinol,Increased insulin-like growth factor-1 concentrations in paediatric suprasellar low-grade glioma: an international multicentre study.,IGF1,1,https://doi.org/10.1093/ejendo/lvaf095,10.1093/ejendo/lvaf095,,False,abstract_only,1,,,False
42482124,Aghoghovwia,2026,Neuro Oncol,Carboplatin induces optic nerve oligodendrocyte loss and impairs myelin sheath microstructure in a mouse model of neurofibromatosis type 1 (NF1).,CSF1R;Cholesterol biosynthesis;MAP2K1/2 (MEK1/2);Oligodendrocyte differentiation (clemastine target),4,https://doi.org/10.1093/neuonc/noag163,10.1093/neuonc/noag163,,False,abstract_only,4,,,False
42176046,Hwang,2026,J Neurooncol,Therapeutic effects of selumetinib on diffuse neurofibroma and optic pathway glioma in neurofibromatosis type 1.,MAP2K1/2 (MEK1/2),1,https://doi.org/10.1007/s11060-026-05643-y,10.1007/s11060-026-05643-y,,False,abstract_only,2,,,False
42620117,Mineji,2026,bioRxiv,YAP-TEAD-driven CPA4 promotes NF2-deficient meningioma growth.,CPA4;YAP1-TEAD,2,https://doi.org/10.64898/2026.08.05.743013,10.64898/2026.08.05.743013,PMC13484691,True,abstract_only,2,,bioRxiv,True
42135588,Román-Mendoza,2026,Int J Surg Pathol,Atypical Neurofibromatous Neoplasms of Uncertain Biological Potential in Children with Neurofibromatosis Type 1: Report of Two Patients and Review.,CDKN2A;PRC2 (EED/SUZ12/EZH2);TP53,3,https://doi.org/10.1177/10668969261438511,10.1177/10668969261438511,,False,abstract_only,4,,,False
42527881,Siegel,2026,Pediatr Blood Cancer,Long-Term Hematologic Effects of Selumetinib Treatment in Children With Neurofibromatosis Type 1-Associated Plexiform Neurofibromas.,MAP2K1/2 (MEK1/2),1,https://doi.org/10.1002/1545-5017.70477,10.1002/1545-5017.70477,,False,abstract_only,1,,,False
41959302,Wang,2026,bioRxiv,PRMT5 is Frequently Upregulated and a Potential Therapeutic Target in MTAP-deficient Malignant Peripheral Nerve Sheath Tumors.,MTAP;PRMT5,2,https://doi.org/10.64898/2026.03.09.710638,10.64898/2026.03.09.710638,PMC13060969,True,abstract_only,4,,bioRxiv,True
24370551,Li,2013,Circulation,Neurofibromin-deficient myeloid cells are critical mediators of aneurysm formation in vivo.,APOCYNIN;NF1;Simvastatin,3,https://doi.org/10.1161/CIRCULATIONAHA.113.006320,10.1161/CIRCULATIONAHA.113.006320,PMC3960343,True,full_text,3,NCBI efetch (PMC author manuscript),,False
24362817,Piotrowski,2013,Nat Genet,Germline loss-of-function mutations in LZTR1 predispose to an inherited disorder of multiple schwannomas.,LZTR1;NF2;SMARCB1,3,https://doi.org/10.1038/ng.2855,10.1038/ng.2855,PMC4352302,True,full_text,3,NCBI PMC (earlier pass),,False
23875798,Rauen,2013,Annu Rev Genomics Hum Genet,The RASopathies.,MAPK pathway;RAS (pan);RAS/MAPK pathway,3,https://doi.org/10.1146/annurev-genom-091212-153523,10.1146/annurev-genom-091212-153523,PMC4115674,True,full_text,3,NCBI PMC (earlier pass),,False
25534823,Kaul,2014,Neuro Oncol,Akt- or MEK-mediated mTOR inhibition suppresses Nf1 optic glioma growth.,AKT1;MAP2K1/2 (MEK1/2);MTOR;PI3K (family),4,https://doi.org/10.1093/neuonc/nou329,10.1093/neuonc/nou329,PMC4483119,True,full_text,4,NCBI efetch (PMC author manuscript),,False
25480913,Smith,2014,Neurology,Mutations in LZTR1 add to the complex heterogeneity of schwannomatosis.,LZTR1,1,https://doi.org/10.1212/WNL.0000000000001129,10.1212/WNL.0000000000001129,PMC4336087,True,full_text,2,NCBI efetch (PMC author manuscript),,False
25054093,Walker,2014,Rare Dis,A Drosophila screen identifies neurofibromatosis-1 genetic modifiers involved in systemic and synaptic growth.,ALK,1,https://doi.org/10.4161/rdis.28341,10.4161/rdis.28341,PMC4091572,True,full_text,1,Europe PMC (open access),,False
28029918,Dombi,2016,N Engl J Med,Activity of Selumetinib in Neurofibromatosis Type 1-Related Plexiform Neurofibromas.,MAP2K1/2 (MEK1/2),1,https://doi.org/10.1056/NEJMoa1605943,10.1056/NEJMoa1605943,PMC5508592,True,full_text,2,NCBI PMC (earlier pass),,False
27269372,Smithson,2016,Semin Cell Dev Biol,Contextual signaling in cancer.,HRAS;KRAS;NF1,3,https://doi.org/10.1016/j.semcdb.2016.06.002,10.1016/j.semcdb.2016.06.002,PMC5028257,True,full_text,3,NCBI PMC (earlier pass),,False
28126595,Bassiri,2017,EBioMedicine,Global Proteome and Phospho-proteome Analysis of Merlin-deficient Meningioma and Schwannoma Identifies PDLIM2 as a Novel Therapeutic Target.,PDLIM2,1,https://doi.org/10.1016/j.ebiom.2017.01.020,10.1016/j.ebiom.2017.01.020,PMC5474504,True,full_text,2,Europe PMC (open access),,False
28558056,Fukushima,2017,PLoS One,Hypoxia-inducible factor 1 alpha is a poor prognostic factor and potential therapeutic target in malignant peripheral nerve sheath tumor.,HIF1A,1,https://doi.org/10.1371/journal.pone.0178064,10.1371/journal.pone.0178064,PMC5448771,True,full_text,1,Europe PMC (open access),,False
28551330,Miettinen,2017,Hum Pathol,Histopathologic evaluation of atypical neurofibromatous tumors and their transformation into malignant peripheral nerve sheath tumor in patients with neurofibromatosis 1-a consensus overview.,CDKN2A;PRC2 (EED/SUZ12/EZH2);TP53,3,https://doi.org/10.1016/j.humpath.2017.05.010,10.1016/j.humpath.2017.05.010,PMC5628119,True,full_text,6,NCBI PMC (earlier pass),,False
28767512,Moutal,2017,Pain,Dissecting the role of the CRMP2-neurofibromin complex on pain behaviors.,CACNA1B;CRMP2,2,https://doi.org/10.1097/j.pain.0000000000001026,10.1097/j.pain.0000000000001026,PMC6359908,True,full_text,2,NCBI PMC (earlier pass),,False
28380429,Pan,2017,Oncotarget,Ccl5 establishes an autocrine high-grade glioma growth regulatory circuit critical for mesenchymal glioblastoma survival.,AKT/mTOR;CCL5;CD44,3,https://doi.org/10.18632/oncotarget.16516,10.18632/oncotarget.16516,PMC5464843,True,full_text,3,Europe PMC (open access),,False
29262839,Rozza-de-Menezes,2017,Orphanet J Rare Dis,Receptor of ghrelin is expressed in cutaneous neurofibromas of individuals with neurofibromatosis 1.,GHSR,1,https://doi.org/10.1186/s13023-017-0734-x,10.1186/s13023-017-0734-x,PMC5738781,True,full_text,1,Europe PMC (open access),,False
29982664,Angus,2018,Neuro Oncol,EPH receptor signaling as a novel therapeutic target in NF2-deficient meningioma.,EPHA2;EPHB1;KIT;MTOR;SRC,5,https://doi.org/10.1093/neuonc/noy046,10.1093/neuonc/noy046,PMC6071664,True,full_text,5,NCBI efetch (PMC author manuscript),,False
30348677,Chen,2018,Cancer Discov,Spatiotemporal Loss ofin Schwann Cell Lineage Leads to Different Types of Cutaneous Neurofibroma Susceptible to Modification by the Hippo Pathway.,RAS (pan);YAP1-TEAD,2,https://doi.org/10.1158/2159-8290.CD-18-0151,10.1158/2159-8290.CD-18-0151,PMC6328325,True,full_text,4,NCBI PMC (earlier pass),,False
29681099,Fisher,2018,Am J Med Genet A,"2016 Children's Tumor Foundation conference on neurofibromatosis type 1, neurofibromatosis type 2, and schwannomatosis.",SPRED1,1,https://doi.org/10.1002/ajmg.a.38675,10.1002/ajmg.a.38675,PMC5918269,True,full_text,1,NCBI efetch (PMC author manuscript),,False
30542122,Fletcher,2018,Oncogene,STAT3 inhibition reduces macrophage number and tumor growth in neurofibroma.,STAT3,1,https://doi.org/10.1038/s41388-018-0600-x,10.1038/s41388-018-0600-x,PMC6461477,True,full_text,1,Europe PMC (open access),,False
30306639,Ma,2018,Glia,Polycomb repression regulates Schwann cell proliferation and axon regeneration after nerve injury.,BDNF;CDKN2A;EED;GDNF;NRG1;PRC2 (EED/SUZ12/EZH2);SHH,7,https://doi.org/10.1002/glia.23500,10.1002/glia.23500,PMC6289291,True,full_text,8,NCBI PMC (earlier pass),,False
29655575,Moutal,2018,Neuroscience,CRMP2-Neurofibromin Interface Drives NF1-related Pain.,CACNA1B;CRMP2;NF1;SCN9A,4,https://doi.org/10.1016/j.neuroscience.2018.04.002,10.1016/j.neuroscience.2018.04.002,PMC5963520,True,full_text,4,NCBI PMC (earlier pass),,False
29948766,Osorio,2018,J Neurooncol,Effect of lapatinib on meningioma growth in adults with neurofibromatosis type 2.,EGFR;ERBB2,2,https://doi.org/10.1007/s11060-018-2922-5,10.1007/s11060-018-2922-5,PMC6126973,True,full_text,2,NCBI efetch (PMC author manuscript),,False
30442762,Steklov,2018,Science,Mutations in LZTR1 drive human disease by dysregulating RAS ubiquitination.,LZTR1;RAS (pan),2,https://doi.org/10.1126/science.aap7607,10.1126/science.aap7607,PMC8058620,True,full_text,2,NCBI PMC (earlier pass),,False
29847659,Zhang,2018,Invest Ophthalmol Vis Sci,Neurofibromin Deficiency Induces Endothelial Cell Proliferation and Retinal Neovascularization.,AKT1;MAP2K1/2 (MEK1/2);NF1;VEGFA,4,https://doi.org/10.1167/iovs.17-22588,10.1167/iovs.17-22588,PMC5963003,True,full_text,4,Europe PMC (open access),,False
31151904,Fangusaro,2019,Lancet Oncol,"Selumetinib in paediatric patients with BRAF-aberrant or neurofibromatosis type 1-associated recurrent, refractory, or progressive low-grade glioma: a multicentre, phase 2 trial.",MAP2K1/2 (MEK1/2),1,https://doi.org/10.1016/S1470-2045(19)30277-3,10.1016/S1470-2045(19)30277-3,PMC6628202,True,full_text,1,NCBI PMC (earlier pass),,False
31246731,Khanna,2019,Pain,Assessment of nociception and related quality-of-life measures in a porcine model of neurofibromatosis type 1.,CACNA1B;DPYSL2,2,https://doi.org/10.1097/j.pain.0000000000001648,10.1097/j.pain.0000000000001648,PMC6800626,True,full_text,2,NCBI PMC (earlier pass),,False
30239952,Poore,2019,Neuro Oncol,Inhibition of mTORC1 in pediatric low-grade glioma depletes glutathione and therapeutically synergizes with carboplatin.,MTOR,1,https://doi.org/10.1093/neuonc/noy150,10.1093/neuonc/noy150,PMC6374766,True,full_text,1,NCBI efetch (PMC author manuscript),,False
31341276,Wu,2019,Nature,Intercellular interaction dictates cancer cell ferroptosis via NF2-YAP signalling.,NF2,1,https://doi.org/10.1038/s41586-019-1426-6,10.1038/s41586-019-1426-6,PMC6697195,True,full_text,1,Europe PMC (open access),,False
32194680,Breun,2020,Oncol Lett,ADAM9: A novel player in vestibular schwannoma pathogenesis.,ADAM9,1,https://doi.org/10.3892/ol.2020.11299,10.3892/ol.2020.11299,PMC7039135,True,full_text,1,Europe PMC (open access),,False
32816910,Chaney,2020,Cancer Res,Loss in a Model of Neurofibroma Demonstrates Stepwise Tumor Progression to Atypical Neurofibroma and MPNST.,CDKN2A;NF1,2,https://doi.org/10.1158/0008-5472.CAN-19-1429,10.1158/0008-5472.CAN-19-1429,PMC7968129,True,full_text,6,NCBI PMC (earlier pass),,False
32642722,Deng,2020,Neurooncol Adv,The CREB-binding protein inhibitor ICG-001: a promising therapeutic strategy in sporadic meningioma withmutations.,CREB;FOXM1;NF2;Wnt/β-catenin,4,https://doi.org/10.1093/noajnl/vdz055,10.1093/noajnl/vdz055,PMC7212891,True,full_text,4,Europe PMC (open access),,False
32657748,Farschtschi,2020,Dtsch Arztebl Int,The Neurofibromatoses.,MAP2K1/2 (MEK1/2);VEGFA,2,https://doi.org/10.3238/arztebl.2020.0354,10.3238/arztebl.2020.0354,PMC7373809,True,full_text,2,NCBI efetch (PMC author manuscript),,False
32193699,Farschtschi,2020,Cancer Immunol Immunother,Upregulated immuno-modulator PD-L1 in malignant peripheral nerve sheath tumors provides a potential biomarker and a therapeutic target.,AXL;CD274,2,https://doi.org/10.1007/s00262-020-02548-1,10.1007/s00262-020-02548-1,PMC7303069,True,full_text,4,Europe PMC (open access),,False
31902875,Fujii,2020,Neurol Med Chir (Tokyo),Bevacizumab Therapy of Neurofibromatosis Type 2 Associated Vestibular Schwannoma in Japanese Patients.,VEGFA,1,https://doi.org/10.2176/nmc.oa.2019-0194,10.2176/nmc.oa.2019-0194,PMC7040431,True,full_text,1,Europe PMC (open access),,False
31913576,Gross,2020,Am J Med Genet A,Advancing RAS/RASopathy therapies: An NCI-sponsored intramural and extramural collaboration for the study of RASopathies.,MAP2K1/2 (MEK1/2),1,https://doi.org/10.1002/ajmg.a.61485,10.1002/ajmg.a.61485,PMC7456498,True,full_text,1,NCBI PMC (earlier pass),,False
32187457,Gross,2020,N Engl J Med,Selumetinib in Children with Inoperable Plexiform Neurofibromas.,MAP2K1/2 (MEK1/2),1,https://doi.org/10.1056/NEJMoa1912735,10.1056/NEJMoa1912735,PMC7305659,True,full_text,2,NCBI PMC (earlier pass),,False
32232723,Gupta,2020,Head Neck Pathol,Vestibular Schwannoma: What We Know and Where We are Heading.,EGFR;MTOR;VEGFA,3,https://doi.org/10.1007/s12105-020-01155-x,10.1007/s12105-020-01155-x,PMC7669921,True,full_text,3,Europe PMC (open access),,False
32939452,Jackson,2020,Neurooncol Adv,The MEK inhibitor selumetinib reduces spinal neurofibroma burden in patients with NF1 and plexiform neurofibromas.,MAP2K1/2 (MEK1/2),1,https://doi.org/10.1093/noajnl/vdaa095,10.1093/noajnl/vdaa095,PMC7486535,True,full_text,1,NCBI efetch (PMC author manuscript),,False
32629964,Lyons Rimmer,2020,Cancers (Basel),The Potential of MLN3651 in Combination with Selumetinib as a Treatment for Merlin-Deficient Meningioma.,CRL4-DCAF1;KSR1;MAP2K1/2 (MEK1/2);NF2,4,https://doi.org/10.3390/cancers12071744,10.3390/cancers12071744,PMC7407567,True,full_text,4,Europe PMC (open access),,False
32315290,Palomo-Irigoyen,2020,J Clin Invest,HuR/ELAVL1 drives malignant peripheral nerve sheath tumor growth and metastasis.,BET;ELAVL1;RB/E2F;WNT/β-catenin;YAP1/WWTR1 (YAP/TAZ),5,https://doi.org/10.1172/JCI130379,10.1172/JCI130379,PMC7324187,True,full_text,5,Europe PMC (open access),,False
32144278,Sagers,2020,Sci Rep,Combination therapy with mTOR kinase inhibitor and dasatinib as a novel therapeutic strategy for vestibular schwannoma.,EPH receptors;MTOR;SFK members;SGK1,4,https://doi.org/10.1038/s41598-020-60156-6,10.1038/s41598-020-60156-6,PMC7060236,True,full_text,4,Europe PMC (open access),,False
33026636,Selt,2020,J Neurooncol,Response to trametinib treatment in progressive pediatric low-grade glioma patients.,MAP2K1/2 (MEK1/2);MAPK pathway,2,https://doi.org/10.1007/s11060-020-03640-3,10.1007/s11060-020-03640-3,PMC7609413,True,full_text,2,Europe PMC (open access),,False
32236425,Ullrich,2020,Neuro Oncol,"A phase II study of continuous oral mTOR inhibitor everolimus for recurrent, radiographic-progressive neurofibromatosis type 1-associated pediatric low-grade glioma: a Neurofibromatosis Clinical Trials Consortium study.",MTOR,1,https://doi.org/10.1093/neuonc/noaa071,10.1093/neuonc/noaa071,PMC7566451,True,full_text,1,NCBI efetch (PMC author manuscript),,False
33235741,Yasuda,2020,Clin Case Rep,Effects of imatinib mesylate on cutaneous neurofibromas associated with neurofibromatosis type 1.,KIT,1,https://doi.org/10.1002/ccr3.3071,10.1002/ccr3.3071,PMC7669387,True,full_text,2,Europe PMC (open access),,False
35284800,Arikan,2021,North Clin Istanb,Giant composite pheochromocytoma and gastrointestinal stromal tumor in a patient with neurofibromatosis: A case report.,KIT,1,https://doi.org/10.14744/nci.2020.37431,10.14744/nci.2020.37431,PMC8848499,True,full_text,1,Europe PMC (open access),,False
34264955,Chang,2021,PLoS One,Brigatinib causes tumor shrinkage in both NF2-deficient meningioma and schwannoma through inhibition of multiple tyrosine kinases but not ALK.,EPHA2;FAK1;FER,3,https://doi.org/10.1371/journal.pone.0252048,10.1371/journal.pone.0252048,PMC8282008,True,full_text,5,Europe PMC (open access),,False
33442015,Fisher,2021,Nat Med,Cabozantinib for neurofibromatosis type 1-related plexiform neurofibromas: a phase 2 trial.,MET;RET;VEGFR2,3,https://doi.org/10.1038/s41591-020-01193-6,10.1038/s41591-020-01193-6,PMC8275010,True,full_text,3,NCBI efetch (PMC author manuscript),,False
34224367,Karajannis,2021,Mol Cancer Ther,Phase 0 Clinical Trial of Everolimus in Patients with Vestibular Schwannoma or Meningioma.,MTOR,1,https://doi.org/10.1158/1535-7163.MCT-21-0143,10.1158/1535-7163.MCT-21-0143,PMC8419097,True,full_text,2,NCBI PMC (earlier pass),,False
33456709,Kohlmeyer,2021,Oncotarget,Combination therapies for MPNSTs targeting RABL6A-RB1 signaling.,CDK4/6;MAP2K1/2 (MEK1/2);RABL6A;RB1,4,https://doi.org/10.18632/oncotarget.27862,10.18632/oncotarget.27862,PMC7800773,True,full_text,4,Europe PMC (open access),,False
33447015,Long,2021,Drug Des Devel Ther,A Review of Drug Therapy in Vestibular Schwannoma.,NF2,1,https://doi.org/10.2147/DDDT.S280069,10.2147/DDDT.S280069,PMC7802892,True,full_text,1,Europe PMC (open access),,False
34274754,Mishra,2021,Int J Surg Case Rep,Multiple jejunal gastrointestinal stromal tumors and Neurofibromatosis type 1: A rare association.,KIT,1,https://doi.org/10.1016/j.ijscr.2021.106178,10.1016/j.ijscr.2021.106178,PMC8319367,True,full_text,1,Europe PMC (open access),,False
34885143,Sanchez,2021,Cancers (Basel),Targeted Therapies for the Neurofibromatoses.,MAP2K1/2 (MEK1/2),1,https://doi.org/10.3390/cancers13236032,10.3390/cancers13236032,PMC8657309,True,full_text,3,Europe PMC (open access),,False
34072574,Tamura,2021,Int J Mol Sci,"Current Understanding of Neurofibromatosis Type 1, 2, and Schwannomatosis.",LZTR1;NF1;NF2;SMARCB1,4,https://doi.org/10.3390/ijms22115850,10.3390/ijms22115850,PMC8198724,True,full_text,17,Europe PMC (open access),,False
34285798,Taniguchi,2021,Pulm Circ,Pulmonary hypertension associated with neurofibromatosis type 2.,NF2,1,https://doi.org/10.1177/20458940211029550,10.1177/20458940211029550,PMC8264739,True,full_text,1,Europe PMC (open access),,False
34113392,Zhang,2021,Oncol Lett,LZTR1: A promising adaptor of the CUL3 family.,LZTR1,1,https://doi.org/10.3892/ol.2021.12825,10.3892/ol.2021.12825,PMC8185703,True,full_text,2,Europe PMC (open access),,False
35188187,Anastasaki,2022,Dis Model Mech,RAS and beyond: the many faces of the neurofibromatosis type 1 protein.,RAS (pan),1,https://doi.org/10.1242/dmm.049362,10.1242/dmm.049362,PMC8891636,True,full_text,3,Europe PMC (open access),,False
35361920,Evans,2022,Eur J Hum Genet,"ERN GENTURIS clinical practice guidelines for the diagnosis, treatment, management and surveillance of people with schwannomatosis.",LZTR1;NF2;SMARCB1,3,https://doi.org/10.1038/s41431-022-01086-x,10.1038/s41431-022-01086-x,PMC9259735,True,full_text,6,Europe PMC (open access),,False
36139671,Ge,2022,Cancers (Basel),Neurofibroma Development in Neurofibromatosis Type 1: Insights from Cellular Origin and Schwann Cell Lineage Development.,NF1;RAS (pan),2,https://doi.org/10.3390/cancers14184513,10.3390/cancers14184513,PMC9497298,True,full_text,7,Europe PMC (open access),,False
35467749,Gross,2022,Neuro Oncol,Selumetinib in children with neurofibromatosis type 1 and asymptomatic inoperable plexiform neurofibroma at risk for developing tumor-related morbidity.,MAP2K1/2 (MEK1/2),1,https://doi.org/10.1093/neuonc/noac109,10.1093/neuonc/noac109,PMC9629448,True,full_text,2,NCBI efetch (PMC author manuscript),,False
36134665,Kershner,2022,JCI Insight,Multiple Nf1 Schwann cell populations reprogram the plexiform neurofibroma tumor microenvironment.,AXL;CD74;DCN;FGF;FGFR;MIF;NFKB (complex);POSTN;PROS1,9,https://doi.org/10.1172/jci.insight.154513,10.1172/jci.insight.154513,PMC9675562,True,full_text,9,Europe PMC (open access),,False
36139588,Leisz,2022,Cancers (Basel),Vestibular Schwannoma Volume and Tumor Growth Correlates with Macrophage Marker Expression.,CSF1;CSF2;VEGFA,3,https://doi.org/10.3390/cancers14184429,10.3390/cancers14184429,PMC9496830,True,full_text,3,Europe PMC (open access),,False
35761463,Misztal,2022,Otol Neurotol,Effect of AR42 in Primary Vestibular Schwannoma Cells and a Xenograft Model of Vestibular Schwannoma.,HDAC2,1,https://doi.org/10.1097/MAO.0000000000003556,10.1097/MAO.0000000000003556,PMC9354971,True,full_text,1,NCBI efetch (PMC author manuscript),,False
36636686,Miyamoto,2022,Case Rep Oncol,Atypical Neurofibromatous Neoplasm with Uncertain Biologic Potential in the Posterior Mediastinum of a Young Patient with Neurofibromatosis Type 1: A Case Report.,CDKN2A,1,https://doi.org/10.1159/000526844,10.1159/000526844,PMC9830298,True,full_text,1,Europe PMC (open access),,False
35855174,Oyama,2022,Surg Neurol Int,Laminectomy triggers symptomatic growth of spinal schwannoma in a patient with schwannomatosis.,SMARCB1,1,https://doi.org/10.25259/SNI_453_2022,10.25259/SNI_453_2022,PMC9282769,True,full_text,1,Europe PMC (open access),,False
35545829,Park,2022,Brain Tumor Res Treat,Recent Update in Pharmacological Agents for Optic Pathway Glioma.,MAP2K1/2 (MEK1/2);MTOR;VEGFA,3,https://doi.org/10.14791/btrt.2022.0006,10.14791/btrt.2022.0006,PMC9098979,True,full_text,6,Europe PMC (open access),,False
35230908,Thielhelm,2022,Otolaryngol Head Neck Surg,RAD51 Inhibitor and Radiation Toxicity in Vestibular Schwannoma.,RAD51,1,https://doi.org/10.1177/01945998221083506,10.1177/01945998221083506,PMC9433467,True,full_text,1,NCBI efetch (PMC author manuscript),,False
35210278,Vajapeyam,2022,AJNR Am J Neuroradiol,ADC Histogram Analysis of Pediatric Low-Grade Glioma Treated with Selumetinib: A Report from the Pediatric Brain Tumor Consortium.,MAP2K1/2 (MEK1/2),1,https://doi.org/10.3174/ajnr.A7433,10.3174/ajnr.A7433,PMC8910799,True,full_text,2,NCBI efetch (PMC author manuscript),,False
35156148,Yi,2022,Cardiovasc Drugs Ther,An Assessment of the Therapeutic Landscape for the Treatment of Heart Disease in the RASopathies.,MAPK pathway;RAS (pan);RAS-MAPK pathway,3,https://doi.org/10.1007/s10557-022-07324-0,10.1007/s10557-022-07324-0,PMC11726350,True,full_text,3,NCBI efetch (PMC author manuscript),,False
37328781,Armstrong,2023,BMC Cancer,Treatment decisions and the use of MEK inhibitors for children with neurofibromatosis type 1-related plexiform neurofibromas.,KRAS;MAP2K1/2 (MEK1/2),2,https://doi.org/10.1186/s12885-023-10996-y,10.1186/s12885-023-10996-y,PMC10273716,True,full_text,2,Europe PMC (open access),,False
38058737,Blackwood,2023,Mol Ther Methods Clin Dev,Case report of selumetinib as a novel therapy in a neurofibromatosis type 2-associated ependymoma.,MAP2K1/2 (MEK1/2);MTOR,2,https://doi.org/10.1016/j.omtm.2023.101156,10.1016/j.omtm.2023.101156,PMC10696461,True,full_text,5,Europe PMC (open access),,False
37086345,Chung,2023,Cell Oncol (Dordr),RRM2 as a novel prognostic and therapeutic target of NF1-associated MPNST.,AKT-MTOR;RRM2,2,https://doi.org/10.1007/s13402-023-00819-4,10.1007/s13402-023-00819-4,PMC12974627,True,full_text,2,NCBI efetch (PMC author manuscript),,False
36598417,Cortes-Ciriano,2023,Cancer Discov,Genomic Patterns of Malignant Peripheral Nerve Sheath Tumor (MPNST) Evolution Correlate with Clinical Outcome and Are Detectable in Cell-Free DNA.,CDKN2A;NF1;PRC2 (EED/SUZ12/EZH2);TP53,4,https://doi.org/10.1158/2159-8290.CD-22-0786,10.1158/2159-8290.CD-22-0786,PMC9983734,True,full_text,4,NCBI PMC (earlier pass),,False
37886501,Fernandez-Valle,2023,Res Sq,Simultaneous Inhibition of PI3K and PAK in Preclinical Models of Neurofibromatosis Type 2-related Schwannomatosis.,PAK (family);PI3K (family),2,https://doi.org/10.21203/rs.3.rs-3405297/v1,10.21203/rs.3.rs-3405297/v1,PMC10602174,True,full_text,2,NCBI PMC (earlier pass),Research Square,True
38203448,Huang,2023,Int J Mol Sci,FT895 Impairs Mitochondrial Function in Malignant Peripheral Nerve Sheath Tumor Cells.,HDAC11;HIF-1α,2,https://doi.org/10.3390/ijms25010277,10.3390/ijms25010277,PMC10779378,True,full_text,2,Europe PMC (open access),,False
36866403,Kresbach,2023,Neuro Oncol,Atypical neurofibromas reveal distinct epigenetic features with proximity to benign peripheral nerve sheath tumor entities.,CDKN2A,1,https://doi.org/10.1093/neuonc/noad053,10.1093/neuonc/noad053,PMC10479771,True,full_text,2,NCBI efetch (PMC author manuscript),,False
36148553,Laraba,2023,Brain,Inhibition of YAP/TAZ-driven TEAD activity prevents growth of NF2-null schwannoma and meningioma.,ALDH1A1;TEAD;YAP1/WWTR1 (YAP/TAZ),3,https://doi.org/10.1093/brain/awac342,10.1093/brain/awac342,PMC10115179,True,full_text,6,Europe PMC (open access),,False
37025569,Madhani,2023,Brain Commun,Vestibular dysfunction in neurofibromatosis type 2-related schwannomatosis.,VEGFA,1,https://doi.org/10.1093/braincomms/fcad089,10.1093/braincomms/fcad089,PMC10072238,True,full_text,1,Europe PMC (open access),,False
36818284,Magallón-Lorenz,2023,iScience,Deep genomic analysis of malignant peripheral nerve sheath tumor cell lines challenges current malignant peripheral nerve sheath tumor diagnosis.,NF1,1,https://doi.org/10.1016/j.isci.2023.106096,10.1016/j.isci.2023.106096,PMC9929861,True,full_text,1,Europe PMC (open access),,False
37817770,McLean,2023,Front Oncol,Single-cell RNA sequencing of neurofibromas reveals a tumor microenvironment favorable for neural regeneration and immune suppression in a neurofibromatosis type 1 porcine model.,CD274,1,https://doi.org/10.3389/fonc.2023.1253659,10.3389/fonc.2023.1253659,PMC10561395,True,full_text,1,Europe PMC (open access),,False
37677047,Turner-Ivey,2023,J Vis Exp,Genetic Profiling and Genome-Scale Dropout Screening to Identify Therapeutic Targets in Mouse Models of Malignant Peripheral Nerve Sheath Tumor.,EGFR;PDGFRA;RAF1;VEGFA,4,https://doi.org/10.3791/65430,10.3791/65430,PMC11188578,True,full_text,4,NCBI efetch (PMC author manuscript),,False
39083549,Benton,2024,PLoS One,Synergistic effect of PAK and Hippo pathway inhibitor combination in NF2-deficient Schwannoma.,NF2;PAK1/2;YAP1-TEAD,3,https://doi.org/10.1371/journal.pone.0305121,10.1371/journal.pone.0305121,PMC11290668,True,full_text,4,Europe PMC (open access),,False
39620202,Bhunia,2024,Neurooncol Adv,Multiomic analyses reveal new targets of polycomb repressor complex 2 in Schwann lineage cells and malignant peripheral nerve sheath tumors.,MAP2K1/2 (MEK1/2);NOTCH;PRC2 (EED/SUZ12/EZH2);SHH,4,https://doi.org/10.1093/noajnl/vdae188,10.1093/noajnl/vdae188,PMC11606644,True,full_text,5,Europe PMC (open access),,False
39016685,Bouley,2024,J Cell Sci,Chemical genetic screens reveal defective lysosomal trafficking as synthetic lethal with NF1 loss.,BORC,1,https://doi.org/10.1242/jcs.262343,10.1242/jcs.262343,PMC11361638,True,full_text,3,Europe PMC (open access),,False
39116228,Guo,2024,Science,PI4P-mediated solid-like Merlin condensates orchestrate Hippo pathway regulation.,NF2,1,https://doi.org/10.1126/science.adf4478,10.1126/science.adf4478,PMC11956869,True,full_text,1,Europe PMC (open access),,False
39258154,Horn,2024,Front Neurol,LZTR1 loss-of-function variants associated with café au lait macules with or without freckling.,LZTR1,1,https://doi.org/10.3389/fneur.2024.1391425,10.3389/fneur.2024.1391425,PMC11383758,True,full_text,1,Europe PMC (open access),,False
38714355,Ioannou,2024,Mol Cancer Ther,MEK Inhibition Enhances the Antitumor Effect of Radiotherapy in NF1-Deficient Glioblastoma.,MAP2K1/2 (MEK1/2);NF1;RAD51,3,https://doi.org/10.1158/1535-7163.MCT-23-0510,10.1158/1535-7163.MCT-23-0510,PMC11374499,True,full_text,3,NCBI efetch (PMC author manuscript),,False
38928264,Kim,2024,Int J Mol Sci,NF2-Related Schwannomatosis (NF2): Molecular Insights and Therapeutic Avenues.,NF2;PEBP1;YAP1,3,https://doi.org/10.3390/ijms25126558,10.3390/ijms25126558,PMC11204266,True,full_text,6,Europe PMC (open access),,False
38975694,Kim,2024,Neuro Oncol,Safety and efficacy of selumetinib in pediatric and adult patients with neurofibromatosis type 1 and plexiform neurofibroma.,MAP2K1/2 (MEK1/2),1,https://doi.org/10.1093/neuonc/noae121,10.1093/neuonc/noae121,PMC11630552,True,full_text,4,Europe PMC (open access),,False
38879607,Kyrkou,2024,Nat Commun,G6PD and ACSL3 are synthetic lethal partners of NF2 in Schwann cells.,ACSL3;G6PD;ME1,3,https://doi.org/10.1038/s41467-024-49298-7,10.1038/s41467-024-49298-7,PMC11180199,True,full_text,3,Europe PMC (open access),,False
38127282,Mitchell,2024,Clin Cancer Res,Spatial Gene-Expression Profiling Unveils Immuno-oncogenic Programs of NF1-Associated Peripheral Nerve Sheath Tumor Progression.,BIRC5;CDKN2A;CENPF,3,https://doi.org/10.1158/1078-0432.CCR-23-2548,10.1158/1078-0432.CCR-23-2548,PMC11095977,True,full_text,5,NCBI PMC (earlier pass),,False
39514826,Moertel,2024,J Clin Oncol,"ReNeu: A Pivotal, Phase IIb Trial of Mirdametinib in Adults and Children With Symptomatic Neurofibromatosis Type 1-Associated Plexiform Neurofibroma.",MAP2K1/2 (MEK1/2),1,https://doi.org/10.1200/JCO.24.01034,10.1200/JCO.24.01034,PMC11825507,True,full_text,2,Europe PMC (open access),,False
38336988,Nagel,2024,Oncogene,Simultaneous inhibition of PI3K and PAK in preclinical models of neurofibromatosis type 2-related schwannomatosis.,PAK (family);PI3K (family),2,https://doi.org/10.1038/s41388-024-02958-w,10.1038/s41388-024-02958-w,PMC10959746,True,full_text,2,Europe PMC (open access),,False
39367156,Nakamura,2024,Sci Rep,Whole-exome sequencing reveals the genetic causes and modifiers of moyamoya syndrome.,ABCC8;BMPR2;MRVI1;RNF213,4,https://doi.org/10.1038/s41598-024-72043-5,10.1038/s41598-024-72043-5,PMC11452616,True,full_text,4,Europe PMC (open access),,False
38265489,Neyazi,2024,Acta Neuropathol,Transcriptomic and epigenetic dissection of spinal ependymoma (SP-EPN) identifies clinically relevant subtypes enriched for tumors with and without NF2 mutation.,NF2,1,https://doi.org/10.1007/s00401-023-02668-9,10.1007/s00401-023-02668-9,PMC10808175,True,full_text,1,Europe PMC (open access),,False
38887507,Nguyen,2024,Neurooncol Adv,Matrix metalloproteinase 9: An emerging biomarker for classification of adherent vestibular schwannoma.,MMP9,1,https://doi.org/10.1093/noajnl/vdae058,10.1093/noajnl/vdae058,PMC11181934,True,full_text,1,Europe PMC (open access),,False
38924432,Perrin,2024,Sci Transl Med,MEK-SHP2 inhibition prevents tibial pseudarthrosis caused byloss in Schwann cells and skeletal stem/progenitor cells.,MAP2K1/2 (MEK1/2);PTPN11;TGFB1,3,https://doi.org/10.1126/scitranslmed.adj1597,10.1126/scitranslmed.adj1597,PMC12093263,True,full_text,3,NCBI efetch (PMC author manuscript),,False
38258905,Raut,2024,JCI Insight,Schwann cells modulate nociception in neurofibromatosis 1.,GDNF,1,https://doi.org/10.1172/jci.insight.171275,10.1172/jci.insight.171275,PMC10906222,True,full_text,1,Europe PMC (open access),,False
39793045,Sait,2024,Proc Natl Acad Sci U S A,Hydroxychloroquine prevents resistance and potentiates the antitumor effect of SHP2 inhibition in NF1-associated malignant peripheral nerve sheath tumors.,MAP2K1/2 (MEK1/2);PTPN11,2,https://doi.org/10.1073/pnas.2407745121,10.1073/pnas.2407745121,PMC11725864,True,full_text,2,Europe PMC (open access),,False
39337558,Selke,2024,Int J Mol Sci,Effect of Different Glucose Levels and Glycation on Meningioma Cell Migration and Invasion.,NF2;PTK2 (FAK),2,https://doi.org/10.3390/ijms251810075,10.3390/ijms251810075,PMC11432498,True,full_text,2,Europe PMC (open access),,False
39062695,Uliana,2024,Genes (Basel),Phenotypic Expansion of Autosomal Dominant-Related Disorders with Special Emphasis on Adult-Onset Features.,LZTR1;RAS (pan),2,https://doi.org/10.3390/genes15070916,10.3390/genes15070916,PMC11276570,True,full_text,2,Europe PMC (open access),,False
40540562,Abu-Sultanah,2025,Sci Adv,TGFβ-dependent signaling drives tumor growth and aberrant extracellular matrix dynamics in NF1-associated plexiform neurofibroma.,TGFB1;TGFBR1,2,https://doi.org/10.1126/sciadv.adu0772,10.1126/sciadv.adu0772,PMC12180511,True,full_text,3,Europe PMC (open access),,False
40709016,Adeyemi,2025,Neurooncol Adv,Selumetinib in pediatric patients with neurofibromatosis type 1 and plexiform neurofibroma: Propensity score analysis of SPRINT vs. natural history control arm.,MAP2K1/2 (MEK1/2),1,https://doi.org/10.1093/noajnl/vdaf101,10.1093/noajnl/vdaf101,PMC12288023,True,full_text,1,Europe PMC (open access),,False
41317405,Belakhoua,2025,J Neuropathol Exp Neurol,RECQL4 alterations in gliomas and nerve sheath tumors: Expression patterns and therapeutic implications.,ATR;RECQL4,2,https://doi.org/10.1093/jnen/nlaf129,10.1093/jnen/nlaf129,PMC12713544,True,full_text,4,Europe PMC (open access),,False
40900834,Cafaro,2025,Front Pharmacol,Therapeutic drug monitoring of selumetinib in pediatrics: a combined LC-MS/MS and LC-HRMS approach.,MAP2K1/2 (MEK1/2),1,https://doi.org/10.3389/fphar.2025.1649335,10.3389/fphar.2025.1649335,PMC12399812,True,full_text,1,Europe PMC (open access),,False
40473450,Chen,2025,Lancet,"Efficacy and safety of selumetinib in adults with neurofibromatosis type 1 and symptomatic, inoperable plexiform neurofibromas (KOMET): a multicentre, international, randomised, placebo-controlled, parallel, double-blind, phase 3 study.",MAP2K1/2 (MEK1/2),1,https://doi.org/10.1016/S0140-6736(25)00986-9,10.1016/S0140-6736(25)00986-9,PMC12285420,True,full_text,2,NCBI efetch (PMC author manuscript),,False
39731295,Chung,2025,Neuro Oncol,"Therapeutic effect of novel drug candidate, PRG-N-01, on NF2 syndrome-related tumor.",PEBP1;TGFBR1,2,https://doi.org/10.1093/neuonc/noae282,10.1093/neuonc/noae282,PMC12187371,True,full_text,2,Europe PMC (open access),,False
40241281,Fangusaro,2025,Neuro Oncol,"A phase 2 PBTC study of selumetinib for recurrent/progressive pediatric low-grade glioma: Strata 2, 5, and 6 with long-term outcomes on strata 1, 3, and 4.",NF1,1,https://doi.org/10.1093/neuonc/noaf065,10.1093/neuonc/noaf065,PMC12526141,True,full_text,1,NCBI efetch (PMC author manuscript),,False
39762421,Gross,2025,Nat Med,Selumetinib in adults with NF1 and inoperable plexiform neurofibroma: a phase 2 trial.,MAP2K1/2 (MEK1/2),1,https://doi.org/10.1038/s41591-024-03361-4,10.1038/s41591-024-03361-4,PMC12423960,True,full_text,2,NCBI efetch (PMC author manuscript),,False
40106943,Ibrahimi,2025,Int J Surg Case Rep,Gastrointestinal stromal tumor in patient with neurofibromatosis type 1: A case report.,KIT,1,https://doi.org/10.1016/j.ijscr.2025.111166,10.1016/j.ijscr.2025.111166,PMC11964538,True,full_text,1,Europe PMC (open access),,False
40140675,Jones,2025,Nat Commun,Spatial mapping of immune cell environments in NF2-related schwannomatosis vestibular schwannoma.,CD44;VEGFA,2,https://doi.org/10.1038/s41467-025-57586-z,10.1038/s41467-025-57586-z,PMC11947219,True,full_text,2,Europe PMC (open access),,False
41256734,Kim,2025,MedComm (2020),Ataluren-Induced Functional Restoration of Neurofibromin in Fibroblasts From Neurofibromatosis Type 1 Patients With Nonsense Mutations.,AMPD3;MAP2K1/2 (MEK1/2);NF1;RAS (pan);TGFBR3,5,https://doi.org/10.1002/mco2.70485,10.1002/mco2.70485,PMC12620556,True,full_text,9,Europe PMC (open access),,False
41293003,Laws,2025,bioRxiv,Variable Schwann cell merlin inactivation is targetable with TEAD1 inhibition in schwannomas.,NF2;TEAD1;YAP1-TEAD,3,https://doi.org/10.1101/2025.11.15.688608,10.1101/2025.11.15.688608,PMC12642662,True,full_text,3,NCBI PMC (earlier pass),bioRxiv/medRxiv,True
41001593,Leisz,2025,Mol Cell Oncol,Loss of Schwann cell's normal rhythmic core clock gene expression and gain of rhythmic expression of oncogenic driver genes in malignant NF1-associated peripheral nerve sheath tumor.,MAPK pathway,1,https://doi.org/10.1080/23723556.2025.2561292,10.1080/23723556.2025.2561292,PMC12459363,True,full_text,1,Europe PMC (open access),,False
40393479,Liao,2025,J Korean Neurosurg Soc,Neurofibromatosis Type 1 : A General Review.,MAP2K1/2 (MEK1/2),1,https://doi.org/10.3340/jkns.2025.0073,10.3340/jkns.2025.0073,PMC12582889,True,full_text,2,Europe PMC (open access),,False
39500722,Lucas,2025,Neuro Oncol,Consensus recommendations for an integrated diagnostic approach to peripheral nerve sheath tumors arising in the setting of Neurofibromatosis Type 1.,EED;SUZ12;TP53,3,https://doi.org/10.1093/neuonc/noae235,10.1093/neuonc/noae235,PMC11889724,True,full_text,3,Europe PMC (open access),,False
40565537,Miele,2025,Genes (Basel),Clinical Efficacy of Selumetinib in Alleviating Neuropathic Pain Associated with Plexiform Neurofibroma: A Case Series.,MAP2K1/2 (MEK1/2),1,https://doi.org/10.3390/genes16060645,10.3390/genes16060645,PMC12192340,True,full_text,2,Europe PMC (open access),,False
40063513,Mitchell,2025,Clin Cancer Res,DLK1 Distinguishes Subsets of NF1-Associated Malignant Peripheral Nerve Sheath Tumors with Divergent Molecular Signatures.,CDKN2A;DLK1;PRC2 (EED/SUZ12/EZH2),3,https://doi.org/10.1158/1078-0432.CCR-24-3029,10.1158/1078-0432.CCR-24-3029,PMC12081192,True,full_text,3,NCBI efetch (PMC author manuscript),,False
41053414,Njoya,2025,NPJ Precis Oncol,Natural history of SPP1 signaling in NF1 tumors.,CD44;SPP1,2,https://doi.org/10.1038/s41698-025-01078-2,10.1038/s41698-025-01078-2,PMC12501028,True,full_text,4,Europe PMC (open access),,False
40075752,Pundavela,2025,Cancers (Basel),Granulocyte-Macrophage Colony Stimulating Factor Receptor Contributes to Plexiform Neurofibroma Initiation.,CSF2RA;CSF2RB,2,https://doi.org/10.3390/cancers17050905,10.3390/cancers17050905,PMC11899227,True,full_text,2,Europe PMC (open access),,False
39577862,Sahm,2025,Neuro Oncol,European Association of Neuro-Oncology guideline on molecular testing of meningiomas for targeted therapy selection.,NF2,1,https://doi.org/10.1093/neuonc/noae253,10.1093/neuonc/noae253,PMC12083233,True,full_text,1,Europe PMC (open access),,False
40562609,Shah,2025,EBioMedicine,Integrated proteomic and targeted Next Generation Sequencing reveal relevant heterogeneity in lower-grade meningioma and ANXA3 as a new target in NF2 mutated meningiomas.,ANXA3,1,https://doi.org/10.1016/j.ebiom.2025.105814,10.1016/j.ebiom.2025.105814,PMC12278414,True,full_text,1,Europe PMC (open access),,False
40587782,Vasudevan,2025,Proc Natl Acad Sci U S A,"A transcriptomic, proteomic, and functional genetic atlas dissects neurofibromin function in the peripheral nervous system.",KRAS;MAP2K1/2 (MEK1/2);SOS1;SOS2,4,https://doi.org/10.1073/pnas.2506823122,10.1073/pnas.2506823122,PMC12260521,True,full_text,5,Europe PMC (open access),,False
40732327,Yuen,2025,Pharmaceuticals (Basel),Selumetinib in Adult Neurofibromatosis 1 with Plexiform Neurofibroma.,MAP2K1/2 (MEK1/2),1,https://doi.org/10.3390/ph18071039,10.3390/ph18071039,PMC12298819,True,full_text,1,Europe PMC (open access),,False
40630199,Zhang,2025,Front Oncol,Malignant peripheral nerve sheath tumor in early childhood: a case report of a diagnostic challenge.,MAP2K1/2 (MEK1/2),1,https://doi.org/10.3389/fonc.2025.1609477,10.3389/fonc.2025.1609477,PMC12234525,True,full_text,1,Europe PMC (open access),,False
41589090,Al Harrak,2026,Oxf Med Case Reports,Metachronous Pheochromocytoma and Cholangiocarcinoma in a patient with Neurofibromatosis type 1: a case report.,IDH1,1,https://doi.org/10.1093/omcr/omaf258,10.1093/omcr/omaf258,PMC12832010,True,full_text,1,Europe PMC (open access),,False
41930352,Ge,2026,MedComm (2020),Metabolic Alterations in Macrophage Subtypes Propel Immune and Stromal Remodeling in Neurofibroma's Malignant Progression.,KYNU,1,https://doi.org/10.1002/mco2.70709,10.1002/mco2.70709,PMC13042794,True,full_text,2,Europe PMC (open access),,False
42540436,Gross,2026,Neurooncol Adv,Malignant peripheral nerve sheath tumor development during MEK inhibitor treatment: A pre-clinical study and a clinical case series.,MAP2K1/2 (MEK1/2),1,https://doi.org/10.1093/noajnl/vdag180,10.1093/noajnl/vdag180,PMC13425640,True,full_text,2,NCBI efetch (PMC author manuscript),,False
41504652,Kim,2026,Clin Cancer Res,SARC031: A Phase II Trial of Selumetinib and Sirolimus for Patients with Unresectable or Metastatic Malignant Peripheral Nerve Sheath Tumors (MPNST).,MAP2K1/2 (MEK1/2);MTOR,2,https://doi.org/10.1158/1078-0432.CCR-25-2887,10.1158/1078-0432.CCR-25-2887,PMC13352048,True,full_text,2,NCBI efetch (PMC author manuscript),,False
42677329,Levin,2026,Neurooncol Adv,Ornithine decarboxylase levels in peripheral nerve sheath tumors from NF1 patients.,ODC1,1,https://doi.org/10.1093/noajnl/vdag208,10.1093/noajnl/vdag208,PMC13528769,True,full_text,3,Europe PMC (open access),,False
41898501,Nagel,2026,Int J Mol Sci,Fimepinostat Promotes Apoptosis and Decreases Cytokine Secretion in-Related Human Schwannoma Cells.,HDAC;PI3K (family);TNFRSF10B;TNFRSF1A;YAP1,5,https://doi.org/10.3390/ijms27062636,10.3390/ijms27062636,PMC13026985,True,full_text,9,Europe PMC (open access),,False
42189937,Raut,2026,Sci Signal,MAPK-dependent release of GDNF from Schwann cells mediates tumor-independent pain in neurofibromatosis 1.,GDNF;GFRA1;MAPK1/3,3,https://doi.org/10.1126/scisignal.aee5174,10.1126/scisignal.aee5174,PMC13499461,True,full_text,3,NCBI efetch (PMC author manuscript),,False
42201959,Silva,2026,Proc Natl Acad Sci U S A,NF1 and SPRED1/2 cooperate through RAS-MAPK-independent functions.,SPRED1/2,1,https://doi.org/10.1073/pnas.2535319123,10.1073/pnas.2535319123,PMC13229218,True,full_text,1,Europe PMC (open access),,False
42276973,Trapani,2026,J Paediatr Child Health,Selumetinib as a Target Therapy in Progressive Paediatric Low-Grade Gliomas-Case Series (pLGG).,MAP2K1/2 (MEK1/2),1,https://doi.org/10.1111/jpc.70455,10.1111/jpc.70455,PMC13480507,True,full_text,1,Europe PMC (open access),,False
42310314,Uriarte-Arrazola,2026,Nat Commun,Induced pluripotent stem cell-derived models of malignant nerve sheath tumor progression mimic glial to neuro-mesenchymal transition and uncover therapeutic opportunities.,CDKN2A;MAP2K1/2 (MEK1/2);PARP1;PRC2 (EED/SUZ12/EZH2);SOX10,5,https://doi.org/10.1038/s41467-026-73119-8,10.1038/s41467-026-73119-8,PMC13276310,True,full_text,8,Europe PMC (open access),,False
41758723,Yin,2026,Adv Sci (Weinh),Deciphering and Targeting the Schwannoma-Neuron-Macrophage Crosstalk for the Treatment of Schwannomatosis and Associated Pain.,CCL2;EGFR;HMGB1;IL6,4,https://doi.org/10.1002/advs.202515597,10.1002/advs.202515597,PMC13159156,True,full_text,5,Europe PMC (open access),,False
42116118,Yue,2026,Acta Neuropathol Commun,Decreased PP2A expression and activity represent a therapeutic target for plexiform neurofibroma.,MAP2K1/2 (MEK1/2);PP2A,2,https://doi.org/10.1186/s40478-026-02315-w,10.1186/s40478-026-02315-w,PMC13366792,True,full_text,2,Europe PMC (open access),,False
42394972,Zhang,2026,Front Pharmacol,Durable responses to long-term selumetinib in Chinese pediatric NF1 patients with inoperable plexiform neurofibromas.,MAP2K1/2 (MEK1/2),1,https://doi.org/10.3389/fphar.2026.1855171,10.3389/fphar.2026.1855171,PMC13323312,True,full_text,2,Europe PMC (open access),,False
