series,sample_name,array_data_file,channel,disease_state,tumor_grading,de_role,de_arm,use_in_phase2,note
E-TABM-69,pool-cut,E-TABM-69-raw-data-829132841.txt,cy3,dermal neurofibroma,benign tumor,common_reference,dermal_neurofibroma_pool,False,"pooled dermal-neurofibroma reference channel, shared by every array; it is NF tumour tissue, not normal tissue, so this dataset supports only between-subtype contrasts"
E-TABM-69,PN-3,E-TABM-69-raw-data-829132841.txt,cy5,plexiform neurofibroma,benign tumor,case,Plexiform neurofibroma,True,
E-TABM-69,pool-cut,E-TABM-69-raw-data-829132844.txt,cy3,dermal neurofibroma,benign tumor,common_reference,dermal_neurofibroma_pool,False,"pooled dermal-neurofibroma reference channel, shared by every array; it is NF tumour tissue, not normal tissue, so this dataset supports only between-subtype contrasts"
E-TABM-69,PN-M-1,E-TABM-69-raw-data-829132844.txt,cy5,plexiform neurofibroma,benign tumor,case,Plexiform neurofibroma,True,
E-TABM-69,pool-cut,E-TABM-69-raw-data-829132847.txt,cy3,dermal neurofibroma,benign tumor,common_reference,dermal_neurofibroma_pool,False,"pooled dermal-neurofibroma reference channel, shared by every array; it is NF tumour tissue, not normal tissue, so this dataset supports only between-subtype contrasts"
E-TABM-69,MPNST-2,E-TABM-69-raw-data-829132847.txt,cy5,malignant peripheral nerve sheath tumors,histoprognostic grade III,case,Malignant peripheral nerve sheath tumor (MPNST),True,
E-TABM-69,pool-cut,E-TABM-69-raw-data-829132850.txt,cy3,dermal neurofibroma,benign tumor,common_reference,dermal_neurofibroma_pool,False,"pooled dermal-neurofibroma reference channel, shared by every array; it is NF tumour tissue, not normal tissue, so this dataset supports only between-subtype contrasts"
E-TABM-69,MPNST-5,E-TABM-69-raw-data-829132850.txt,cy5,malignant peripheral nerve sheath tumors,histoprognostic grade III,case,Malignant peripheral nerve sheath tumor (MPNST),True,
E-TABM-69,pool-cut,E-TABM-69-raw-data-829132853.txt,cy3,dermal neurofibroma,benign tumor,common_reference,dermal_neurofibroma_pool,False,"pooled dermal-neurofibroma reference channel, shared by every array; it is NF tumour tissue, not normal tissue, so this dataset supports only between-subtype contrasts"
E-TABM-69,PN-6,E-TABM-69-raw-data-829132853.txt,cy5,plexiform neurofibroma,benign tumor,case,Plexiform neurofibroma,True,
E-TABM-69,pool-cut,E-TABM-69-raw-data-829132856.txt,cy3,dermal neurofibroma,benign tumor,common_reference,dermal_neurofibroma_pool,False,"pooled dermal-neurofibroma reference channel, shared by every array; it is NF tumour tissue, not normal tissue, so this dataset supports only between-subtype contrasts"
E-TABM-69,PN-4,E-TABM-69-raw-data-829132856.txt,cy5,plexiform neurofibroma,benign tumor,case,Plexiform neurofibroma,True,
E-TABM-69,pool-cut,E-TABM-69-raw-data-829132859.txt,cy3,dermal neurofibroma,benign tumor,common_reference,dermal_neurofibroma_pool,False,"pooled dermal-neurofibroma reference channel, shared by every array; it is NF tumour tissue, not normal tissue, so this dataset supports only between-subtype contrasts"
E-TABM-69,PN-M-2,E-TABM-69-raw-data-829132859.txt,cy5,plexiform neurofibroma,benign tumor,case,Plexiform neurofibroma,True,
E-TABM-69,pool-cut,E-TABM-69-raw-data-829132862.txt,cy3,dermal neurofibroma,benign tumor,common_reference,dermal_neurofibroma_pool,False,"pooled dermal-neurofibroma reference channel, shared by every array; it is NF tumour tissue, not normal tissue, so this dataset supports only between-subtype contrasts"
E-TABM-69,MPNST-1,E-TABM-69-raw-data-829132862.txt,cy5,malignant peripheral nerve sheath tumors,histoprognostic grade III,case,Malignant peripheral nerve sheath tumor (MPNST),True,
E-TABM-69,pool-cut,E-TABM-69-raw-data-829132865.txt,cy3,dermal neurofibroma,benign tumor,common_reference,dermal_neurofibroma_pool,False,"pooled dermal-neurofibroma reference channel, shared by every array; it is NF tumour tissue, not normal tissue, so this dataset supports only between-subtype contrasts"
E-TABM-69,PN-5,E-TABM-69-raw-data-829132865.txt,cy5,plexiform neurofibroma,benign tumor,case,Plexiform neurofibroma,True,
E-TABM-69,pool-cut,E-TABM-69-raw-data-829132868.txt,cy3,dermal neurofibroma,benign tumor,common_reference,dermal_neurofibroma_pool,False,"pooled dermal-neurofibroma reference channel, shared by every array; it is NF tumour tissue, not normal tissue, so this dataset supports only between-subtype contrasts"
E-TABM-69,MPNST-4,E-TABM-69-raw-data-829132868.txt,cy5,malignant peripheral nerve sheath tumors,histoprognostic grade III,case,Malignant peripheral nerve sheath tumor (MPNST),True,
