accession,confidence,in_launch_set,organism,title,disease,manifestations,nf_association,germline_basis,study_design,assay_class,co_assays,is_superseries,n_samples,n_samples_in_scope,n_nf_case_samples,n_control_samples,control_types,sample_labels,phase1a_evidence,phase1a_notes,audit_ambiguity,audit_secondary,audit_what_would_settle_it,audit_flags_stored_label,audit_label_comment,decision,decision_contrast,decision_by,adjudication,adjudication_comment,url
E-TABM-69,medium,True,human,Transcription profiling of human neurofibromatosis type 1,NF1,Plexiform neurofibroma;Malignant peripheral nerve sheath tumor (MPNST),germline_nf_patient,stated_nf_cohort,subtype_or_grade_comparison,expression_array,none,False,20,0,0,0,none,,Plexiform neurofibroma (PN-*) and grade III MPNST samples from one NF1 cohort (Henri Mondor); two-colour arrays against a pooled reference.,"Pooled 'pool-cut' reference channel, not a biological control; NF1 status stated at series level only.","NF1 status is stated once at series level and never per sample, and the ArrayExpress rows carry no sample-level labels at all, so no case/control split exists for this dataset.","Two-colour arrays against a pooled 'pool-cut' reference channel, which is a technical reference, not a biological control arm.","Read the SDRF for per-sample tumour type and NF1 status, then decide whether the pooled-reference design can enter a per-dataset DE contrast at all.",False,,include,"MPNST vs plexiform neurofibroma (between-subtype, within NF1)",Kara,,,https://www.ebi.ac.uk/biostudies/arrayexpress/studies/E-TABM-69
GSE120687,medium,True,human,The Role of the RNA-binding protein HuR in MPNST growth and metastasis,NF1,Cutaneous neurofibroma;Plexiform neurofibroma;Malignant peripheral nerve sheath tumor (MPNST),mixed_nf_and_sporadic,per_sample_nf_status,subtype_or_grade_comparison,bulk_rnaseq,chip_or_binding;other,True,86,74,28,23,control_isogenic_engineered,nf_case_tumor=28; control_isogenic_engineered=23; treated_or_perturbed=23; comparator_sporadic_same_tumor=12,"cell type: dermal neurofibroma / plexiform neurofibroma / MPNST_NF1-derived vs MPNST_sporadic, HuR IP vs IgG IP","SuperSeries of HuR CLIP-seq across NF1-associated tissues (dermal/plexiform NF, NF1-derived MPNST) plus sporadic MPNST comparator; exact sample split uncertain from partial list.","SuperSeries gives only 28/86 samples; cell type labels like 'MPNST_NF1-derived' don't state germline vs somatic NF1 loss, so NF status is inferred from naming only",control_types='control_isogenic_engineered' is asserted but no engineered/isogenic line appears in the shown samples (only IgG IP controls),Pull full sample list (all 86 GSMs) and check SubSeries descriptions/linked publication for how 'NF1-derived' vs 'sporadic' MPNST lines were defined,True,"control_types='control_isogenic_engineered' unsupported; visible controls are IgG IP, not isogenic engineered lines",on hold - see finding,none available: the series has no transcript-abundance arm,agent,likely_defect,"control_types='control_isogenic_engineered' is not supported by the visible samples, which are IgG immunoprecipitation controls from the ChIP arm of a superseries. If so this dataset has no biological control arm and belongs in the no-control fallback.",https://www.ncbi.nlm.nih.gov/geo/query/acc.cgi?acc=GSE120687
GSE145064,medium,True,human,Targeting RABL6A-RB1 signaling suppresses malignant peripheral nerve sheath tumors,NF1,Plexiform neurofibroma;Malignant peripheral nerve sheath tumor (MPNST),germline_nf_patient,inferred,subtype_or_grade_comparison,bulk_rnaseq,none,False,46,46,46,0,none,nf_case_tumor=46,patient-matched MPNSTs and precursor lesions; per-sample disease state 'Plexiform Neurofibroma' vs 'MPNST' in same patients,"No explicit 'NF1' statement, but PNF precursor-to-MPNST design in matched patients is the canonical NF1 progression pattern; NF1 status not confirmed per-patient in shown text.","No NF1 mention anywhere in title/summary/design or sample metadata; disease state fields only say 'Plexiform Neurofibroma' or 'MPNST', not NF1 status per patient","Not all 14 patients shown have both PNF and MPNST samples (e.g. PT12, PT15, PT8, PT9 variants) so matched-progression inference may not hold uniformly",Read linked publication's patient table/methods for explicit NF1 germline status per patient,False,,include,"MPNST vs patient-matched plexiform neurofibroma, paired on patient",Kara (resolved by full-text check),,,https://www.ncbi.nlm.nih.gov/geo/query/acc.cgi?acc=GSE145064
GSE163071,medium,True,human,NF1 mutation drives neuronal activity-dependent optic glioma initiation,NF1,Optic pathway glioma,mixed_nf_and_sporadic,per_sample_nf_status,subtype_or_grade_comparison,bulk_rnaseq,none,False,44,22,13,9,control_unaffected_donor_normal,comparator_sporadic_same_tumor=18; nf_case_tumor=13; control_unaffected_donor_normal=9; comparator_non_nf_tumor=4,"per-sample field 'nf1: Yes' marks NF1-associated pilocytic astrocytomas; title 'NF1 mutation drives...optic glioma initiation'; design includes NF1-associated PA, sporadic PA, non-neoplastic brain",Per-sample nf1 status distinguishes germline NF1-associated PA from sporadic PA/GBM; only NF1-positive tumor samples are in scope.,"Per-sample 'nf1=Yes/No' field doesn't state whether it reflects germline NF1 diagnosis or tumor's somatic NF1 mutation status, yet scope requires germline-only cases.","CTL_8/9/10 are listed as 'Human tumor tissue' with tumor=PA, not non-neoplastic brain, conflicting with stored control_type 'control_unaffected_donor_normal'.",Check linked publication/methods or full GEO characteristics for how NF1 status was determined (clinical diagnosis vs tumor sequencing) and confirm CTL sample origin.,True,"control_types says unaffected donor normal but CTL samples shown have tumor=PA; likely a different tumor cohort, not normal brain controls.","include, with sample-level removals (all traps resolved)",NF1-associated pilocytic astrocytoma (13) vs non-neoplastic brain (7),Kara,likely_defect,"Resolved from the linked publication (PMID 34040258, Nature 2021, doi 10.1038/s41586-021-03580-6; full text via NCBI PMC, Europe PMC fullTextXML 500s for it) plus the full 44-sample GEO characteristics. NF1 status: the paper defines its groups only as 'Neurofibromatosis-1 syndrome-associated' versus 'sporadic (occurring in patients without NF1)' pilocytic astrocytoma and describes no mutation analysis, germline testing or diagnostic criteria - samples came from the paediatric tumour banks at St. Louis Children's Hospital, UCLA and Stanford under their IRBs, so NF1 status is a clinical/syndrome attribution carried with the bank record, not tumour or germline sequencing. GEO does carry a per-sample nf1=Yes/No/CTL flag, so germline_basis='per_sample_nf_status' describes the metadata correctly, but the method behind the flag is unstated and confidence should stay medium on the same footing as GSE145064. CTL origin: control_types='control_unaffected_donor_normal' is wrong. Extended Data Table 1 lists the RNA-seq non-neoplastic brain group as NOP454N (location N/A) plus DIPG46N, DIPG51N, DIPG48N and DIPG70N - frontal cortex from diffuse intrinsic pontine glioma patients - so four of five are non-neoplastic tissue from children with a different brain tumour, and NOP454N pairs by id with the NF1-PA sample NOP454, i.e. matched normal from a tumour patient. Neither is an unaffected donor. Note the paper's RNA-seq table lists 24 samples while GEO deposits 44 (13 nf1=Yes PA, 18 sporadic PA, 4 glioblastoma, 8 nf1=CTL/tumor=CTL, 1 ambiguous), so the table does not map 1:1 onto the series. Separately, GEO's own titles mislead: CTL_8, CTL_9 and CTL_10 are annotated source='Human tumor tissue', nf1=No, tumor=PA, i.e. sporadic tumours despite the CTL name, and CTL_11 is source='Human control tissue' with nf1=CTL but tumor=PA, which is self-inconsistent and is the ninth sample in the stored control count.",https://www.ncbi.nlm.nih.gov/geo/query/acc.cgi?acc=GSE163071
GSE172221,medium,True,human+mouse,A genetic mouse model of malignant peripheral nerve sheath tumor with postnatal Nf1 and p53 loss recapitulates the histology and transcriptome of human tumors,NF1,Malignant peripheral nerve sheath tumor (MPNST);Plexiform neurofibroma;Cutaneous neurofibroma,mixed_nf_and_sporadic,engineered_genotype,subtype_or_grade_comparison,bulk_rnaseq,none,False,44,22,22,0,none,nf_case_tumor=22; other_or_unclear=22,"postnatal deletion of a Nf1;Trp53 cis-conditional allele...compare these models and with human MPNST, plexiform neurofibromas (PNF), and neurofibromas (NF)","Mouse arms are clearly engineered Nf1-loss MPNST models (in scope); human MPNST/PNF/NF samples lack stated per-sample germline NF1 status, so their NF association is unconfirmed.","Human MPNST/PNF/NF samples (diagnosis=MPNST only, no genotype field) lack any stated germline NF1 status, so they could be sporadic tumors with somatic loss","Lats-Nes/Lats-Plp arms are Lats1/2 conditional knockouts, not Nf1/Trp53 models, yet are folded into the in-scope count alongside NP-Plp/NPcis",Check linked publication (GSE172221) methods/patient table for human sample NF1 germline/clinical status; confirm whether Lats-PNST arms are intended as NF-pathway models,True,n_samples_in_scope/n_nf_case_samples=22 likely includes Lats-Nes/Lats-Plp (non-Nf1 Lats1/2 KO) tumors that aren't germline NF1-engineered models,,,,likely_defect,"Both questions resolved from the linked publication (PMID 34647023, Neuro-Oncol Adv 2021, doi 10.1093/noajnl/vdab129, open access) plus the full 44-sample GEO characteristics. (1) Human NF1 status is NOT stated anywhere available. GEO carries only diagnosis=MPNST/PNF/NF for the 22 human samples, and the paper identifies them only as 'our (SJ collection) human samples' with no patient table, no NF1 or germline annotation and no human-tissue IRB statement in the full text. Under the germline-only rule the human arm therefore cannot be admitted - which is what Phase 1a already did, labelling all 22 human samples other_or_unclear. (2) The Lats arms are explicitly NOT NF-pathway models. The paper states 'Hippo pathway mutations are rarely found in MPNST', frames the Lats1;2 models as a published alternative whose transcriptomic resemblance to human MPNST was untested, and its central finding is that 'Nf1;p53-driven GEM-MPNST were distinct from Lats-driven GEM-MPNST and resembled human MPNST more closely'; on UMAP the Lats tumours clustered with GEM-neurofibroma and human PNF/NF rather than human MPNST. NF2/merlin is never mentioned. So Phase 1a's in-scope count of 22, which labelled all 10 Lats samples nf_case_tumor, is wrong: the NF-genotype samples are the 12 Nf1;Trp53 ones (9 NP-Plp, 3 NPcis). Consequence for this first pass: with mouse deferred and the human arm unlabelable, GSE172221 contributes zero samples to Phase 2, the same shape as GSE292071 and GSE5675. One further limit for the deferred mouse track: NP-Plp spans two genotypes mimicking sporadic ([Nf1;Trp53]fl/+) and NF1-associated ([Nf1;Trp53]fl/Nf1-) MPNST, and GEO's 'mouse line=NP-Plp' does not distinguish them.",https://www.ncbi.nlm.nih.gov/geo/query/acc.cgi?acc=GSE172221
GSE179043,medium,True,human+mouse,Transcriptional programs dictating Schwann cell transformation in MPNST,NF1,Plexiform neurofibroma;Malignant peripheral nerve sheath tumor (MPNST),germline_nf_patient,per_sample_nf_status,subtype_or_grade_comparison,bulk_rnaseq,chip_or_binding,True,50,36,36,0,none,nf_case_tumor=36; comparator_sporadic_same_tumor=14,tumor type: benign NF / tumor type: MPNST; plexiform neurofibroma samples listed per patient,"Human NF1 patient benign NF, plexiform NF, and MPNST tumors; one Lats1/2-deficient mouse MPNST model sample included","SuperSeries defers all design detail to subseries ('Refer to individual Series'); per-sample NF1 germline status is inferred only from ID prefixes (NF1-, pNF-2-) vs unlabeled MPNST-x names, not stated directly.","Lats1/2-deficient mouse model sample is a Hippo-pathway knockout, not a canonical engineered NF1/NF2 genotype, so its in/out-of-scope status is unclear.",Open each subseries' sample characteristics (or linked publication) to confirm germline NF1 status for MPNST-2..12 and genotype rationale for the Lats1/2 mouse tumor.,False,,,,,,,https://www.ncbi.nlm.nih.gov/geo/query/acc.cgi?acc=GSE179043
GSE207400,medium,True,human,"Malignant Peripheral Nerve Sheath Tumors are Comprised of Two Epigenetic Subgroups with Distinct Molecular Landscapes, Outcomes and Therapeutic Targets: Bulk RNA Seq Samples",NF1,Malignant peripheral nerve sheath tumor (MPNST);ANNUBP / atypical neurofibroma;Other,mixed_nf_and_sporadic,per_sample_nf_status,subtype_or_grade_comparison,bulk_rnaseq,none,False,48,26,26,0,none,nf_case_tumor=26; comparator_sporadic_same_tumor=22,"genotype: NF1 vs genotype: Sporadic listed per sample; disease state spans Benign_NF, PremalignantNF, MPNST grades",Cohort mixes NF1-germline and sporadic PNSTs across neurofibroma/atypical/MPNST spectrum; only genotype:NF1 samples in scope.,genotype field just says 'NF1' per sample with no indication whether this means germline NF1 syndrome or merely somatic/tumor NF1 mutation status,No patient-level clinical/germline testing data given; 'NF1' vs 'Sporadic' could reflect tumor genotyping rather than syndromic diagnosis,Check the associated publication/methods for how genotype was determined (germline testing vs tumor NF1 mutation/LOH) for each sample,False,,,,,,,https://www.ncbi.nlm.nih.gov/geo/query/acc.cgi?acc=GSE207400
GSE2841,medium,True,human,Expression Profiling of pheochromocytomas of various genetic origins,NF1,Other,mixed_nf_and_sporadic,per_sample_nf_status,subtype_or_grade_comparison,expression_array,none,False,76,2,2,0,none,comparator_sporadic_same_tumor=35; comparator_non_nf_tumor=31; other_or_unclear=8; nf_case_tumor=2,"sample P167 annotated 'genetic class: NF1' among a cohort of pheochromocytomas with MEN2A, VHL, SDHB, sporadic and other genetic origins",Cohort is mostly sporadic/other hereditary syndromes; only NF1-genetic-class samples are germline NF1-associated; pheochromocytoma not in fixed manifestation list so tagged Other,"Only P167 is visible as 'genetic class=NF1' among 28/76 shown samples; the stored n_nf_case_samples=2 can't be verified from the truncated list, and classification basis (germline-confirmed vs clinical NF1 diagnosis) isn't stated.","Genetic class labels (MEN2A, VHL, B_SDHB, NF1, SPOR) look like clinical/syndromic groupings, not confirmed molecular germline testing results.",Pull full 76-sample metadata table and the linked paper's methods to see how 'genetic class=NF1' was assigned (germline sequencing vs clinical dx).,False,,,,,,,https://www.ncbi.nlm.nih.gov/geo/query/acc.cgi?acc=GSE2841
GSE292071,medium,True,human,A Single-cell Atlas of Schwannoma Across Genetic Backgrounds and Anatomic Locations,NF2-SWN,Vestibular schwannoma;Non-vestibular schwannoma,mixed_nf_and_sporadic,stated_nf_cohort,subtype_or_grade_comparison,single_cell_rnaseq,none,False,151,0,0,0,none,other_or_unclear=151,"tumors from 22 patients with NF2-related schwannomatosis, non-NF2-related schwannomatosis, and sporadic schwannomas",Cohort mixes germline NF2/SWN patients with sporadic schwannomas; per-sample diagnosis not given in metadata.,"Cohort mixes NF2-related schwannomatosis, non-NF2-related schwannomatosis, and sporadic cases, but per-sample diagnosis isn't given in sample metadata (all 151 tissue entries just say 'Schwannoma/tumor')","Can't tell how many of the 22 patients are germline NF2-SWN vs sporadic, so in-scope sample count is unknown rather than truly zero","Check supplementary patient table or paper's cohort table mapping patient IDs (SCHW001, SCHW2-5 etc.) to NF2-SWN/non-NF2-SWN/sporadic diagnosis",True,"n_samples_in_scope=0 likely wrong; NF2-SWN patients are explicitly in cohort, so some samples should be in scope once mapped, not zero",,,,needs_human_check,"Zero in-scope samples despite an NF2-SWN cohort: per-sample diagnosis is absent from the sample metadata, so the count is unknown rather than truly zero. Resolve from the paper's cohort table before Phase 2 drops the dataset.",https://www.ncbi.nlm.nih.gov/geo/query/acc.cgi?acc=GSE292071
GSE325204,medium,True,human,"Base transcriptomes of seven, untreated patient-derived MPNST cell lines, two of which are PRC2-WT and five PRC2-LoF",NF1,Malignant peripheral nerve sheath tumor (MPNST),mixed_nf_and_sporadic,cell_line_provenance,subtype_or_grade_comparison,bulk_rnaseq,none,False,21,9,9,0,none,other_or_unclear=9; nf_case_tumor=9; comparator_sporadic_same_tumor=3,"Cell lines S462, 90-8TL (908TL) and sNF96.2 (SNF962) are known NF1 patient-derived MPNST lines; STS26T is a documented sporadic (non-NF1) MPNST line","HSSCH2, JH-2-002, JH-2-079-c NF status not stated in record text; record frames PRC2 WT/LoF, not NF status, per line","Record text never states NF1 status for any line; PRC2 WT/LoF is the only genotype given, so NF-case assignment for S462/908TL/SNF962 relies on outside knowledge, not the record","HSSCH2, JH-2-002, JH-2-079-c NF status is completely unstated, yet 9 of 21 samples were counted as NF-case and 9 as 'other_or_unclear'","Check original publication/cell line repository (Cellosaurus/ATCC) for documented NF1 germline status of each of the 7 lines, esp. HSSCH2, JH-2-002, JH-2-079-c",True,"n_nf_case_samples=9 but notes list only 3 lines (S462,908TL,SNF962)=9 samples as known NF1; HSSCH2/JH-2-002/JH-2-079-c status unverified, not confirmed NF-case",,,,needs_human_check,"Three of six cell lines (HS-Sch-2, JH-2-002, JH-2-079-c) have unverified NF1 provenance; only S462, 90-8TL and sNF96.2 are established NF1-patient lines.",https://www.ncbi.nlm.nih.gov/geo/query/acc.cgi?acc=GSE325204
GSE56598,medium,True,human,Wide methylation analysis in vestibular schwannoma,NF2-SWN,Vestibular schwannoma;Non-vestibular schwannoma,mixed_nf_and_sporadic,per_sample_nf_status,subtype_or_grade_comparison,expression_array,methylation,True,89,20,6,14,control_unaffected_donor_normal,other_or_unclear=31; comparator_sporadic_same_tumor=30; control_unaffected_donor_normal=14; comparator_non_nf_tumor=8; nf_case_tumor=6,"subtype: NF2 associated vs subtype: Sporadical, per-sample labeling of vestibular schwannoma tumors","Only 24/89 samples shown; 3 NF2-associated VS visible, rest sporadic/non-vestibular comparators; counts likely incomplete","Record is a SuperSeries ('Refer to individual Series') with only 28/89 samples shown, so NF2-vs-sporadic status for most samples is unverifiable from this text alone.","assay_class='expression_array' contradicts the title 'Wide methylation analysis in vestibular schwannoma', suggesting wrong/merged metadata.",Open the individual SubSeries records (platform + full sample sheet) to confirm assay type and get per-sample NF2 status for all 89 samples.,True,"assay_class should likely be 'methylation_array' per title, not 'expression_array'; also no unaffected-donor-normal samples are visible to support control_unaffected_donor_normal=14.",,,,explained_by_column_definition,"assay_class is correct as expression_array: the series' GEO DataSet Type is 'Methylation profiling by genome tiling array; Expression profiling by array', and the methylation content is already flagged in co_assays. The control_types claim stands as a check: the visible samples are tumours, not unaffected-donor normals.",https://www.ncbi.nlm.nih.gov/geo/query/acc.cgi?acc=GSE56598
GSE5675,medium,True,human,Pilocytic astrocytoma,NF1,Non-optic LGG,mixed_nf_and_sporadic,stated_nf_cohort,subtype_or_grade_comparison,expression_array,none,False,41,0,0,0,none,other_or_unclear=41,gene expression profiling on 41 primary PAs arising sporadically and in patients with neurofibromatosis type 1 (NF1),Cohort mixes sporadic and NF1-associated PAs; sample-level NF1 status not given in shown records.,"Cohort explicitly mixes sporadic and NF1-associated PAs but sample-level NF1 status isn't given in the shown sample titles/metadata, so in-scope N can't be determined","n_samples_in_scope/n_nf_case_samples/n_sporadic_samples_excluded all stored as 0 despite summary stating NF1 patients are included, suggesting counts weren't actually extracted",Check full sample metadata via GEO 'Web Link' (supplementary table) for per-sample NF1 status to split the 41 into NF1 vs sporadic,True,n_nf_case_samples=0 and n_samples_in_scope=0 contradict evidence text confirming NF1 patients present; should be >0 once sample-level data is checked,,,,needs_human_check,"Same shape as GSE292071: the summary states NF1-associated pilocytic astrocytomas are included, but no per-sample NF1 status is in the metadata, so every sample fell out of scope and the dataset would contribute nothing.",https://www.ncbi.nlm.nih.gov/geo/query/acc.cgi?acc=GSE5675
GSE66743,medium,True,human,Gene expression in malignant peripheral nerve sheat tumours and benign neurofibromas,NF1,Malignant peripheral nerve sheath tumor (MPNST),mixed_nf_and_sporadic,per_sample_nf_status,subtype_or_grade_comparison,expression_array,none,False,38,25,25,0,none,nf_case_tumor=25; comparator_sporadic_same_tumor=13,hereditary status: Neurofibromatosis type 1 given per-patient for many MPNST samples; others labeled Sporadic,"30 MPNSTs (17 NF1, 13 sporadic per-sample) + 8 neurofibromas; hereditary status for neurofibroma subset not shown/unknown","The 8 neurofibroma samples have no hereditary-status field anywhere in the record (notes admit 'not shown/unknown'), yet n_samples_in_scope=25 = 17 NF1 MPNST + all 8 neurofibromas treated as in-scope.","Sample list shows only 28/38 records, all MPNST; the hereditary status of the 2 unlisted MPNST patients can't be verified from this record.",Check full GEO sample metadata/supplementary clinical table for the 8 neurofibroma samples' hereditary status and the 2 missing MPNST entries.,True,n_samples_in_scope/n_nf_case_samples=25 silently assumes all 8 neurofibromas are NF1-associated despite notes flagging that status as unknown.,,,,needs_human_check,"The in-scope count assumes all 8 neurofibromas are NF1-associated, which the stored notes themselves flag as unknown.",https://www.ncbi.nlm.nih.gov/geo/query/acc.cgi?acc=GSE66743
GSE77205,medium,True,human+mouse,Cell-type dependent enhancer binding of the EWS/ATF1 fusion gene in clear cell sarcomas,NF1,Malignant peripheral nerve sheath tumor (MPNST),mixed_nf_and_sporadic,per_sample_nf_status,subtype_or_grade_comparison,expression_array,chip_or_binding,True,35,4,4,0,none,comparator_non_nf_tumor=31; nf_case_tumor=4,MPNST 830/937/1080/1082 :: sample type: NF1 patient | tissue: surgically resected human sarcoma sample,"4 of 35 samples are NF1-patient MPNSTs used as comparator; rest are clear cell sarcoma (EWS/ATF1) and mouse models, unrelated to NF.",MPNST 830/937/1080/1082 are labeled 'sample type=NF1 patient' but the study is about EWS/ATF1 clear cell sarcoma biology; no confirmation these are germline NF1 vs sporadic NF1-associated MPNST used only as a histologic comparator,"ASSAY and ORGANISM fields are blank at the SuperSeries level, so assay_class='expression_array' can't be confirmed from this record (samples look like ChIP-seq, e.g. input DNA)",Open the MPNST SubSeries/sample GEO pages and linked publication methods to check if NF1 status is germline-confirmed and what assay was run on these 4 samples,True,assay_class listed as 'expression_array' but samples include ChIP-seq-style 'input DNA' and Dox time-course binding experiments; likely should be ChIP-seq,,,,explained_by_column_definition,Not a false positive: the stored notes already record that 4 of 35 samples are NF1-patient MPNSTs used as comparators inside a clear-cell-sarcoma (EWS/ATF1) study. assay_class expression_array is right and the ChIP content is flagged in co_assays. The Phase 2 question is whether 4 samples with no control arm are worth ingesting.,https://www.ncbi.nlm.nih.gov/geo/query/acc.cgi?acc=GSE77205
GSE265875,low,False,mouse,Somatic muscle engineering faithfully recapitulates a molecular spectrum of high-risk sarcomas,NF1,Malignant peripheral nerve sheath tumor (MPNST),mixed_nf_and_sporadic,engineered_genotype,tumor_vs_normal,bulk_rnaseq,methylation,True,195,29,17,12,control_isogenic_engineered,comparator_non_nf_tumor=166; nf_case_tumor=17; control_isogenic_engineered=12,genotype: sgNf1; sgp53 tumor samples present alongside ASPSCR1-TFE3 and KRASG12V sarcoma models in same SuperSeries,"SuperSeries spans multiple engineered sarcoma genotypes; only sgNf1;sgp53 arm is NF-related, rest are non-NF sarcoma models (ASPSCR1-TFE3, KRAS, BCOR)","SuperSeries bundles unrelated GEM sarcoma models (ASPSCR1-TFE3, KRAS, BCOR, Nf1); only 3 of the claimed 17 Nf1 samples are visible in the shown 28/195 records, so NF1 scope/count can't be confirmed from text.","Title/summary never mention NF1 or neurofibromatosis - sgNf1;sgp53 appears used as a generic tumor-suppressor-loss sarcoma driver alongside p53/BCOR/KRAS, not as a disease-focused NF1 model.",Pull the full 195-sample metadata table (or the Nf1-specific SubSeries GSE) to confirm actual n of sgNf1;sgp53 tumor and matched control samples.,True,n_nf_case_samples=17 and control=12 are unverifiable - only 3 Nf1 tumors and 6 muscle controls appear in the shown records; counts may be extrapolated.,,,,needs_human_check,"Case and control counts (17/12) exceed what is visible in the fetched sample records (3 Nf1 tumours, 6 muscle controls); the rest of the series was not shown to the classifier.",https://www.ncbi.nlm.nih.gov/geo/query/acc.cgi?acc=GSE265875
GSE137152,medium,False,mouse,Sustained fetal hematopoiesis causes juvenile death from leukemia: evidence from a dual-age-specific mouse model,NF1,Hematologic malignancies,engineered_nf_model,engineered_genotype,tumor_vs_normal,bulk_rnaseq,none,False,6,6,3,3,control_isogenic_engineered,nf_case_tumor=3; control_isogenic_engineered=3,JMML age specificity depends on dosage of Pten and Nf1; Nf1 LOH causes monocytosis in juvenile mice with Pten haploinsufficiency,Combined Pten/Nf1 engineered mouse model of JMML; Nf1 LOH is core to phenotype though Pten is co-driver,"Sample sheet just labels genotype as generic 'JMML' vs 'WT' without specifying which Pten/Nf1 allelic combination each of the 3 JMML replicates carries, despite the summary describing multiple distinct genotype combinations (Pten+/-;Nf1LOH, Pten-/-;Nf1LOH, etc.)","ORGANISM and ASSAY fields are blank in the record, so species and assay type are only inferable from context, not stated",Check the GEO sample characteristics/supplementary table or linked paper for the exact genotype of each N3xx/N4xx sample ID used in the JMML group,False,,,,,,,https://www.ncbi.nlm.nih.gov/geo/query/acc.cgi?acc=GSE137152
GSE231603,medium,False,rat,Nf1 Deficiency Increases Mammary Collagen Deposition and Restricts Adipocyte Differentiation Before Tumor Formation,NF1,Other,engineered_nf_model,engineered_genotype,tumor_vs_normal,bulk_rnaseq,none,False,80,80,65,15,control_isogenic_engineered,nf_case_nontumor=42; nf_case_tumor=23; control_isogenic_engineered=15,Nf1-deficient rat model...to accurately model the germline monoallelic NF1 mutations in NF1 patients,"Engineered Nf1-deficient rat lines vs wildtype; mammary stroma/pre-tumor profiling; breast cancer phenotype not in fixed list, coded Other.","Genotype codes IF, PS, IFPS are undefined abbreviations for the three 'Nf1-mutated rat lines' - unclear what alleles/mutations they represent or if all are true germline monoallelic Nf1 models","ORGANISM and ASSAY fields are blank in the record, leaving species/platform only inferable from free-text DESIGN line",Check GEO sample characteristics/legend or the associated paper's methods for the IF/PS/IFPS rat line definitions and their Nf1 allele structure,False,,,,,,,https://www.ncbi.nlm.nih.gov/geo/query/acc.cgi?acc=GSE231603
GSE78895,medium,False,mouse,Rictor/mTORC2 signaling has opposing functions in adult glioma and childhood SHH medulloblastoma,NF1,High grade glioma,mixed_nf_and_sporadic,engineered_genotype,tumor_vs_normal,expression_array,none,False,32,23,13,10,control_isogenic_engineered,nf_case_tumor=13; control_isogenic_engineered=10; comparator_sporadic_same_tumor=9,p53 loss combined with germline Nf1 mutation; genotype hGFAP-cre;p53KO/+;Nf1+/flox and p53flox/flox;Nf1KO/+ gliomas,Series mixes engineered Nf1-mutant gliomas with non-Nf1 p53-only gliomas and normal brain controls in same platform.,"Genotype shown is 'Nf1+/flox' (one null, one floxed allele) with hGFAP-cre; text never confirms Cre excises the remaining flox allele to give biallelic Nf1 loss in the tumor.","Only 28/32 samples listed; visible Nf1+/flox 'Astrocytoma' group is 9, but stored label claims 13 NF-case samples - the 4 unseen samples can't be checked.",Pull full GSM list/sample metadata for all 32 samples and check the paper's methods for confirmed biallelic Nf1 deletion (LOH/IHC) in the Nf1+/flox tumors.,False,,,,,,,https://www.ncbi.nlm.nih.gov/geo/query/acc.cgi?acc=GSE78895
